Date,Days,Open,Close,High,Low,Volume
2016-01-07T00:00:00Z,403,39.140000,38.800000,39.927000,38.800000,25996
2016-01-08T00:00:00Z,404,40.800000,40.270000,41.000000,40.260000,12237
2016-01-11T00:00:00Z,407,40.760000,40.420000,40.760000,39.960000,13479
2016-01-12T00:00:00Z,408,40.350000,40.200000,40.470000,39.910000,10704
2016-01-13T00:00:00Z,409,40.190000,39.330000,40.390000,39.200000,10934
2016-01-14T00:00:00Z,410,38.460000,38.990000,38.990000,38.010000,7887
2016-01-15T00:00:00Z,411,35.810000,35.860000,36.000000,35.500000,19224
2016-01-19T00:00:00Z,415,38.140000,37.850000,38.350000,37.760000,10387
2016-01-20T00:00:00Z,416,39.480000,39.820000,39.950000,38.840000,32875
2016-01-21T00:00:00Z,417,38.690000,39.100000,39.380000,38.580000,7877
2016-01-22T00:00:00Z,418,39.450000,39.390000,39.590000,39.210000,8708
2016-01-25T00:00:00Z,421,39.560000,38.950000,39.560000,38.900000,3232
2016-01-26T00:00:00Z,422,39.270000,39.730000,39.900000,39.210000,8078
2016-01-27T00:00:00Z,423,38.750000,38.410000,39.055000,38.400000,6232
2016-01-28T00:00:00Z,424,39.980000,39.570000,40.000000,39.370000,11383
2016-01-29T00:00:00Z,425,39.770000,40.140000,40.280000,39.760000,7191
2016-02-01T00:00:00Z,428,39.760000,39.880000,40.012500,39.640000,5171
2016-02-02T00:00:00Z,429,39.240000,38.650000,39.240000,38.640000,8503
2016-02-03T00:00:00Z,430,38.900000,39.190000,39.340000,38.360000,7045
2016-02-04T00:00:00Z,431,39.770000,39.390000,39.802100,39.290000,7835
2016-02-05T00:00:00Z,432,40.530000,39.960000,40.530000,39.940200,6653
2016-02-08T00:00:00Z,435,39.570000,39.310000,39.730000,39.140000,6897
2016-02-09T00:00:00Z,436,38.850000,39.220000,39.529900,38.840000,6326
2016-02-10T00:00:00Z,437,39.714000,39.470000,39.810000,39.380000,5669
2016-02-11T00:00:00Z,438,38.520000,38.540000,38.650000,38.280000,11740
2016-02-12T00:00:00Z,439,37.670000,38.140000,38.160000,37.590000,12065
2016-02-16T00:00:00Z,443,39.800000,40.080000,40.170000,39.740100,8009
2016-02-17T00:00:00Z,444,40.030000,40.480000,40.520000,39.910100,7962
2016-02-18T00:00:00Z,445,41.990000,41.620000,41.990000,41.450000,6422
2016-02-19T00:00:00Z,446,40.970000,41.050000,41.090000,40.884000,5477
2016-02-22T00:00:00Z,449,42.890000,43.410000,43.460000,42.890000,9983
2016-02-23T00:00:00Z,450,42.850000,42.670000,42.910000,42.500000,4928
2016-02-24T00:00:00Z,451,43.100000,43.610000,43.610000,42.830000,11587
2016-02-25T00:00:00Z,452,41.790000,42.050000,42.050000,41.630000,4123
2016-02-26T00:00:00Z,453,42.630000,42.390000,42.809900,42.240000,3391
2016-02-29T00:00:00Z,456,42.550000,42.810000,42.970000,42.550000,6984
2016-03-01T00:00:00Z,459,45.020000,45.600000,45.690000,45.020000,16363
2016-03-02T00:00:00Z,460,46.460000,47.140000,47.180000,46.420000,17649
2016-03-03T00:00:00Z,461,46.240000,46.610000,46.650000,46.040000,4800
2016-03-04T00:00:00Z,462,46.610000,47.300000,47.350000,46.610000,6913
2016-03-07T00:00:00Z,465,45.380000,45.740000,45.900000,45.270000,12514
2016-03-08T00:00:00Z,466,46.722500,46.560000,46.730000,46.530000,4980
2016-03-09T00:00:00Z,467,45.020000,44.920000,45.160000,44.800000,8525
2016-03-10T00:00:00Z,468,45.510000,45.060000,45.510000,44.840000,5172
2016-03-11T00:00:00Z,469,46.720000,47.210000,47.243000,46.720000,8244
2016-03-14T00:00:00Z,472,46.830000,46.870000,46.920000,46.650000,1919
2016-03-15T00:00:00Z,473,47.860000,47.980000,47.980000,47.750000,6300
2016-03-16T00:00:00Z,474,46.050000,46.950000,46.950000,45.900000,11751
2016-03-17T00:00:00Z,475,47.842000,48.180000,48.180000,47.020000,6945
2016-03-18T00:00:00Z,476,47.900000,48.000000,48.320000,47.900000,3509
2016-03-21T00:00:00Z,479,48.540000,48.730000,48.730000,48.430000,4558
2016-03-22T00:00:00Z,480,48.740000,48.780000,48.970000,48.540000,4664
2016-03-23T00:00:00Z,481,50.420000,49.910000,50.430000,49.760000,14782
2016-03-24T00:00:00Z,482,47.060000,47.320000,47.320000,46.840000,8298
2016-03-28T00:00:00Z,486,48.350000,47.720000,48.350000,47.350000,8517
2016-03-29T00:00:00Z,487,48.450000,49.110000,49.370000,48.430000,13881
2016-03-30T00:00:00Z,488,49.470000,50.270000,50.350000,49.470000,8174
2016-03-31T00:00:00Z,489,50.350000,50.420000,50.630000,50.290000,3257
2016-04-01T00:00:00Z,490,49.500000,50.260000,50.380000,49.460000,5096
2016-04-04T00:00:00Z,493,50.270000,49.830000,50.460000,49.800000,6660
2016-04-05T00:00:00Z,494,49.670000,49.400000,49.670000,49.140000,5186
2016-04-06T00:00:00Z,495,51.370000,51.900000,51.900000,51.310000,9983
2016-04-07T00:00:00Z,496,51.110000,50.650000,51.320000,50.340000,29919
2016-04-08T00:00:00Z,497,50.370000,49.840000,50.370000,49.830000,5337
2016-04-11T00:00:00Z,500,49.540000,49.080000,49.540000,49.080000,5461
2016-04-12T00:00:00Z,501,49.550000,50.060000,50.490000,49.550000,88567
2016-04-13T00:00:00Z,502,49.800000,49.500000,49.800000,49.110000,31833
2016-04-14T00:00:00Z,503,48.570000,48.460000,48.640000,48.360000,6486
2016-04-15T00:00:00Z,504,48.070000,47.300000,48.080000,47.300000,30163
2016-04-18T00:00:00Z,507,47.300000,47.530000,47.830000,46.944000,55408
2016-04-19T00:00:00Z,508,49.350000,49.760000,49.880000,49.280000,25022
2016-04-20T00:00:00Z,509,49.920000,50.260000,50.350000,49.910000,3236
2016-04-21T00:00:00Z,510,49.880000,49.350000,49.880000,49.320100,77174
2016-04-22T00:00:00Z,511,48.510000,48.220000,48.750000,48.130000,61367
2016-04-25T00:00:00Z,514,48.160000,48.190000,48.310000,48.050000,9536
2016-04-26T00:00:00Z,515,49.590000,49.750000,49.830000,49.520000,12415
2016-04-27T00:00:00Z,516,48.760000,49.170000,49.320000,48.590000,16017
2016-04-28T00:00:00Z,517,49.080000,48.850000,49.410000,48.800000,11695
2016-04-29T00:00:00Z,518,49.120000,48.700000,49.130000,48.500000,5643
2016-05-02T00:00:00Z,522,48.860000,48.880000,48.900000,48.570000,4367
2016-05-03T00:00:00Z,523,48.810000,48.400000,48.830000,48.370000,6787
2016-05-04T00:00:00Z,524,48.580000,48.160000,48.640000,48.090000,8709
2016-05-05T00:00:00Z,525,48.320000,47.960000,48.320000,47.710000,7373
2016-05-06T00:00:00Z,526,45.860000,45.770000,45.945000,45.650000,5643
2016-05-09T00:00:00Z,529,45.980000,45.530000,46.010000,45.530000,5302
2016-05-10T00:00:00Z,530,45.820000,46.290000,46.290000,45.590000,5885
2016-05-11T00:00:00Z,531,46.960000,46.810000,47.210000,46.750000,5441
2016-05-12T00:00:00Z,532,46.640000,46.080000,46.690000,46.080000,3653
2016-05-13T00:00:00Z,533,45.250000,45.100000,45.270000,44.723200,4067
2016-05-16T00:00:00Z,536,45.160000,45.170000,45.450000,45.160000,6263
2016-05-17T00:00:00Z,537,46.270000,46.090000,46.420000,45.970000,4325
2016-05-18T00:00:00Z,538,46.480000,46.210000,46.767900,46.120000,7559
2016-05-19T00:00:00Z,539,47.240000,47.280000,47.300000,46.980000,8000
2016-05-20T00:00:00Z,540,47.710000,47.590000,47.730000,47.420000,4022
2016-05-23T00:00:00Z,543,47.700000,47.480000,47.770000,47.460000,7092
2016-05-24T00:00:00Z,544,48.180000,48.600000,48.810000,48.170000,10172
2016-05-25T00:00:00Z,545,48.670000,48.930000,49.040000,48.670000,5713
2016-05-26T00:00:00Z,546,48.310000,48.090000,48.340000,48.030000,2841
2016-05-27T00:00:00Z,547,47.960000,47.720000,48.000000,47.690000,2289
2016-05-31T00:00:00Z,551,48.630000,49.180000,49.190000,48.550000,7237
2016-06-01T00:00:00Z,552,48.900000,48.950000,49.140000,48.900000,4963
2016-06-02T00:00:00Z,553,49.060000,49.340000,49.340000,49.060000,3238
2016-06-03T00:00:00Z,554,49.320000,49.690000,49.750000,49.320000,4104
2016-06-06T00:00:00Z,557,49.440000,49.940000,50.000000,49.440000,4714
2016-06-07T00:00:00Z,558,49.540000,49.600000,49.630000,49.350000,5190
2016-06-08T00:00:00Z,559,49.330000,49.530000,49.530000,49.250000,4096
2016-06-09T00:00:00Z,560,49.020000,49.070000,49.210000,48.982900,1389
2016-06-10T00:00:00Z,561,48.230000,47.980000,48.230000,47.900000,4378
2016-06-13T00:00:00Z,564,47.380000,47.300000,47.630000,47.255000,4482
2016-06-14T00:00:00Z,565,46.820000,46.780000,46.930000,46.500000,7438
2016-06-15T00:00:00Z,566,46.810000,46.620000,46.970000,46.620000,5012
2016-06-16T00:00:00Z,567,45.210000,45.450000,45.810000,45.015000,9364
2016-06-17T00:00:00Z,568,45.110000,44.780000,45.230000,44.740000,50978
2016-06-20T00:00:00Z,571,45.450000,45.220000,45.670000,45.220000,11842
2016-06-21T00:00:00Z,572,45.680000,45.680000,45.680000,45.400000,5816
2016-06-22T00:00:00Z,573,45.576200,45.270000,45.710000,45.270000,8158
2016-06-23T00:00:00Z,574,44.340000,44.940000,45.010000,44.310000,8661
2016-06-24T00:00:00Z,575,43.010000,43.010000,43.610000,42.830000,3496
2016-06-27T00:00:00Z,578,42.930000,42.870000,42.940000,42.640000,4435
2016-06-28T00:00:00Z,579,44.690000,44.640000,44.820000,44.410000,3883
2016-06-29T00:00:00Z,580,45.200000,45.310000,45.450000,45.200000,2806
2016-06-30T00:00:00Z,581,45.460000,45.870000,45.870000,45.460000,4967
2016-07-01T00:00:00Z,583,45.960000,46.020000,46.190000,45.960000,3143
2016-07-05T00:00:00Z,587,45.500000,45.370000,45.650000,45.310000,2484
2016-07-06T00:00:00Z,588,45.110000,45.610000,45.950000,44.950000,8679
2016-07-07T00:00:00Z,589,47.180000,47.010000,47.360000,46.930000,6560
2016-07-08T00:00:00Z,590,47.550000,47.750000,47.969900,47.480000,5341
2016-07-11T00:00:00Z,593,48.080000,48.280000,48.391000,48.080000,6697
2016-07-12T00:00:00Z,594,48.580000,49.000000,49.000000,48.580000,8950
2016-07-13T00:00:00Z,595,48.780000,48.970000,48.982000,48.672800,4085
2016-07-14T00:00:00Z,596,49.000000,49.040000,49.110000,48.970000,3689
2016-07-15T00:00:00Z,597,49.230000,49.230000,49.230000,48.990000,2623
2016-07-18T00:00:00Z,600,48.880000,48.990000,49.017200,48.530000,4033
2016-07-19T00:00:00Z,601,48.100000,47.980000,48.100000,47.830000,2193
2016-07-20T00:00:00Z,602,49.470000,49.560000,49.580000,48.650000,6397
2016-07-21T00:00:00Z,603,48.636900,48.620000,48.840000,48.506400,3600
2016-07-22T00:00:00Z,604,48.910000,49.190000,49.270000,48.910000,3981
2016-07-25T00:00:00Z,607,49.440000,49.230000,49.500000,49.230000,2632
2016-07-26T00:00:00Z,608,49.820000,49.890000,50.005000,49.746700,7637
2016-07-27T00:00:00Z,609,49.170000,49.050000,49.720000,48.800000,16558
2016-07-28T00:00:00Z,610,48.750000,48.390000,48.750000,48.000000,13040
2016-07-29T00:00:00Z,611,48.670000,49.050000,49.100000,48.650000,7522
2016-08-01T00:00:00Z,614,48.930000,48.550000,48.960000,48.500000,9473
2016-08-02T00:00:00Z,615,48.750000,48.470000,48.860000,48.260000,3113
2016-08-03T00:00:00Z,616,50.160000,50.610000,50.610000,50.040000,8615
2016-08-04T00:00:00Z,617,50.890000,50.928200,50.980000,50.770000,2300
2016-08-05T00:00:00Z,618,50.270000,50.460000,50.470000,50.090000,4891
2016-08-08T00:00:00Z,621,50.530000,50.380000,50.570000,50.370000,3868
2016-08-09T00:00:00Z,622,51.030000,51.060000,51.060000,50.800000,4523
2016-08-10T00:00:00Z,623,50.990000,50.690000,50.990000,50.570000,3856
2016-08-11T00:00:00Z,624,52.590000,53.050000,53.479900,51.780000,17138
2016-08-12T00:00:00Z,625,52.660000,53.090000,53.090000,52.580100,4019
2016-08-15T00:00:00Z,628,52.550000,53.690000,53.690000,52.550000,35751
2016-08-16T00:00:00Z,629,52.422000,52.410000,52.640000,52.170000,7145
2016-08-17T00:00:00Z,630,52.860000,53.000000,53.050000,52.491700,8260
2016-08-18T00:00:00Z,631,52.712400,52.940000,53.010000,52.660000,2194
2016-08-19T00:00:00Z,632,51.340000,51.710000,51.750000,51.230000,4598
2016-08-22T00:00:00Z,635,50.620000,50.690000,50.809900,50.380000,4125
2016-08-23T00:00:00Z,636,50.640000,50.250000,50.730000,50.010000,15106
2016-08-24T00:00:00Z,637,50.330000,49.980000,50.330000,49.860000,14807
2016-08-25T00:00:00Z,638,50.100000,50.040000,50.210000,49.990100,30362
2016-08-26T00:00:00Z,639,50.330000,49.970000,50.730000,49.950000,6107
2016-08-29T00:00:00Z,642,50.340000,50.760000,50.770000,50.340000,3876
2016-08-30T00:00:00Z,643,50.670000,50.590000,50.670000,50.510000,3291
2016-08-31T00:00:00Z,644,51.250000,51.130000,51.430000,50.880100,7380
2016-09-01T00:00:00Z,645,50.320000,50.120000,50.320000,49.864000,7828
2016-09-02T00:00:00Z,646,50.638500,50.820000,50.830000,50.613400,1673
2016-09-06T00:00:00Z,650,51.310000,51.550000,51.707500,51.280100,6484
2016-09-07T00:00:00Z,651,52.590000,52.750000,52.830000,52.000000,22174
2016-09-08T00:00:00Z,652,52.330000,52.700000,52.780000,52.310000,21164
2016-09-09T00:00:00Z,653,52.500000,51.810000,52.500000,51.610000,7032
2016-09-12T00:00:00Z,656,50.690000,51.390000,51.490000,50.610000,6190
2016-09-13T00:00:00Z,657,50.100000,49.680000,50.100000,49.450000,6915
2016-09-14T00:00:00Z,658,49.880000,49.760000,49.880000,49.700000,2662
2016-09-15T00:00:00Z,659,50.280000,50.670000,50.720000,50.277000,4079
2016-09-16T00:00:00Z,660,50.490000,50.400000,50.526000,50.240000,4722
2016-09-19T00:00:00Z,663,49.760000,50.390000,50.480000,49.350000,78284
2016-09-20T00:00:00Z,664,50.790000,50.870000,51.120000,50.790000,7540
2016-09-21T00:00:00Z,665,51.410000,51.760000,51.820000,51.170000,4845
2016-09-22T00:00:00Z,666,53.340000,53.190000,53.340000,53.050000,6294
2016-09-23T00:00:00Z,667,52.130000,51.970000,52.180000,51.840100,2592
2016-09-26T00:00:00Z,670,50.740000,50.780000,51.000000,50.560000,11074
2016-09-27T00:00:00Z,671,50.480000,50.580000,50.640000,50.438400,5862
2016-09-28T00:00:00Z,672,50.620000,50.930000,50.940000,50.400000,5532
2016-09-29T00:00:00Z,673,51.150000,50.850000,51.337500,50.620000,8567
2016-09-30T00:00:00Z,674,50.880000,51.170000,51.290000,50.880000,5099
2016-10-03T00:00:00Z,678,50.860000,50.990000,51.070000,50.710000,4815
2016-10-04T00:00:00Z,679,51.120000,50.690000,51.120000,50.513700,7802
2016-10-05T00:00:00Z,680,50.990000,51.380000,51.590000,50.970000,7898
2016-10-06T00:00:00Z,681,50.990000,51.000000,51.020000,50.740700,3109
2016-10-07T00:00:00Z,682,51.250000,51.060000,51.250000,50.780000,5437
2016-10-10T00:00:00Z,685,51.130000,51.610000,51.650000,51.000000,4363
2016-10-11T00:00:00Z,686,51.050000,50.650000,51.050000,50.490000,18472
2016-10-12T00:00:00Z,687,50.750000,50.780000,50.950000,50.710000,10251
2016-10-13T00:00:00Z,688,50.330000,50.740000,50.740000,50.230700,2365
2016-10-14T00:00:00Z,689,50.830000,50.630000,50.830000,50.565000,2998
2016-10-17T00:00:00Z,692,50.660000,50.810000,50.810000,50.550000,3770
2016-10-18T00:00:00Z,693,51.220000,50.980000,51.220000,50.937400,1997
2016-10-19T00:00:00Z,694,50.610000,50.530000,50.710000,50.472200,4525
2016-10-20T00:00:00Z,695,51.490000,51.560000,51.670000,51.360000,4453
2016-10-21T00:00:00Z,696,51.350000,51.500000,51.610000,51.252000,1180
2016-10-24T00:00:00Z,699,51.150000,51.030000,51.150000,50.970000,2558
2016-10-25T00:00:00Z,700,51.340000,51.250000,51.340000,51.208500,906
2016-10-26T00:00:00Z,701,51.270000,51.280000,51.430000,51.136600,4074
2016-10-27T00:00:00Z,702,51.438800,51.430000,51.470000,51.271400,2299
2016-10-28T00:00:00Z,703,51.220000,51.090000,51.500000,51.090000,6197
2016-10-31T00:00:00Z,706,51.010000,51.080000,51.161000,50.880000,3156
2016-11-01T00:00:00Z,707,51.170000,50.620000,51.170000,50.450000,4167
2016-11-02T00:00:00Z,708,50.580000,50.460000,50.580000,50.320000,2737
2016-11-03T00:00:00Z,709,50.040000,50.090000,50.200000,50.020000,3491
2016-11-04T00:00:00Z,710,49.190000,48.890000,49.190000,48.820000,3630
2016-11-07T00:00:00Z,713,49.980000,50.250000,50.380000,49.980000,5574
2016-11-08T00:00:00Z,714,50.810000,51.360000,51.600000,50.580000,7197
2016-11-09T00:00:00Z,715,50.400000,50.870000,51.129600,50.400000,7313
2016-11-10T00:00:00Z,716,49.690000,49.470000,49.910000,49.230000,5364
2016-11-11T00:00:00Z,717,50.880000,51.110000,51.330000,50.810000,7710
2016-11-14T00:00:00Z,720,50.950000,51.080000,51.150000,50.700000,6323
2016-11-15T00:00:00Z,721,51.500000,52.000000,52.020000,51.480000,3786
2016-11-16T00:00:00Z,722,51.340000,51.540000,51.565300,51.340000,1939
2016-11-17T00:00:00Z,723,51.742000,51.860000,51.946600,51.742000,5476
2016-11-18T00:00:00Z,724,51.660000,51.650000,51.710000,51.500000,4726
2016-11-21T00:00:00Z,727,51.760000,51.730000,51.883300,51.730000,1575
2016-11-22T00:00:00Z,728,52.190000,52.260000,52.430000,52.150000,5255
2016-11-23T00:00:00Z,729,52.290000,52.370000,52.560000,52.290000,5502
2016-11-25T00:00:00Z,731,52.520000,52.430000,52.660000,52.430000,1448
2016-11-28T00:00:00Z,734,52.550000,52.250000,52.550000,52.250000,2605
2016-11-29T00:00:00Z,735,51.970000,52.150000,52.307800,51.970000,3444
2016-11-30T00:00:00Z,736,52.520000,52.800000,52.910000,52.520000,9323
2016-12-01T00:00:00Z,738,52.700000,52.780000,52.840000,52.480000,7713
2016-12-02T00:00:00Z,739,52.760000,52.840000,53.000000,52.760000,4640
2016-12-05T00:00:00Z,742,52.660000,52.560000,52.840000,52.540000,2759
2016-12-06T00:00:00Z,743,52.400000,52.460000,52.480000,52.249600,1756
2016-12-07T00:00:00Z,744,52.600000,52.940000,53.150000,52.593000,4391
2016-12-08T00:00:00Z,745,53.250000,53.550000,53.638000,53.200000,4453
2016-12-09T00:00:00Z,746,53.420000,53.550000,53.650000,53.420000,4124
2016-12-12T00:00:00Z,749,52.950000,52.750000,53.110000,52.561700,4269
2016-12-13T00:00:00Z,750,54.848900,54.860000,54.990000,54.760000,11146
2016-12-14T00:00:00Z,751,55.020000,54.580000,55.400000,54.530000,9931
2016-12-15T00:00:00Z,752,54.630000,54.640000,54.742000,54.510000,7128
2016-12-16T00:00:00Z,753,54.540000,54.020000,54.540000,54.010000,18994
2016-12-19T00:00:00Z,756,53.080000,53.160000,53.617000,53.080000,7415
2016-12-20T00:00:00Z,757,53.150000,52.960000,53.329000,52.860000,9641
2016-12-21T00:00:00Z,758,53.910000,53.610000,53.910000,53.580000,3752
2016-12-22T00:00:00Z,759,52.950000,53.140000,53.300000,52.888200,15139
2016-12-23T00:00:00Z,760,52.950000,52.930000,53.000000,52.800000,7852
2016-12-27T00:00:00Z,764,52.610000,52.950000,52.990000,52.490000,16588
2016-12-28T00:00:00Z,765,53.000000,53.240000,53.330000,52.990000,69072
2016-12-29T00:00:00Z,766,53.350000,53.770000,53.900000,53.350000,17449
2016-12-30T00:00:00Z,767,54.010000,54.130000,54.139900,54.010000,38696
2017-01-03T00:00:00Z,764,54.170000,54.060000,54.340000,53.990000,31746
2017-01-04T00:00:00Z,765,54.240000,54.710000,54.830000,54.240000,54190
2017-01-05T00:00:00Z,766,55.290000,55.510000,55.860000,55.280000,48629
2017-01-06T00:00:00Z,767,56.740000,57.100000,57.200000,56.740000,102810
2017-01-09T00:00:00Z,770,56.440000,56.960000,56.990000,56.020000,81134
2017-01-10T00:00:00Z,771,57.220000,57.500000,57.830000,57.220000,71176
2017-01-11T00:00:00Z,772,58.000000,58.440000,58.550000,58.000000,66061
2017-01-12T00:00:00Z,773,60.130000,60.460000,60.490000,59.860000,19962
2017-01-13T00:00:00Z,774,60.200000,60.400000,60.400000,59.990000,17870
2017-01-17T00:00:00Z,778,61.480000,62.060000,62.120000,61.470000,35990
2017-01-18T00:00:00Z,779,61.670000,61.690000,61.860000,61.500000,22602
2017-01-19T00:00:00Z,780,63.020000,63.150000,63.150000,62.835000,35512
2017-01-20T00:00:00Z,781,60.640000,60.600000,61.500000,60.070000,30130
2017-01-23T00:00:00Z,784,58.891000,60.100000,60.590000,58.891000,46754
2017-01-24T00:00:00Z,785,61.500000,62.670000,62.890000,61.500000,23582
2017-01-25T00:00:00Z,786,62.690000,62.900000,62.980000,62.590000,9177
2017-01-26T00:00:00Z,787,62.830000,62.860000,63.140000,62.750000,15041
2017-01-27T00:00:00Z,788,62.410000,62.700000,62.760000,62.160000,7481
2017-01-30T00:00:00Z,791,62.320000,62.310000,62.470000,61.700800,17537
2017-01-31T00:00:00Z,792,62.190000,62.340000,62.440000,62.120000,7845
2017-02-01T00:00:00Z,793,62.620000,62.810000,63.000000,62.620000,5629
2017-02-02T00:00:00Z,794,62.800000,63.130000,63.320000,62.615200,14170
2017-02-03T00:00:00Z,795,63.550000,63.400000,63.750000,63.400000,4314
2017-02-06T00:00:00Z,798,63.030000,62.880000,63.070000,62.679500,10657
2017-02-07T00:00:00Z,799,62.209000,62.010000,62.219900,61.500100,21458
2017-02-08T00:00:00Z,800,61.360000,61.950000,62.050000,61.320100,12806
2017-02-09T00:00:00Z,801,62.110000,62.150000,62.300000,62.005000,9880
2017-02-10T00:00:00Z,802,62.020000,62.060000,62.070000,61.510000,17057
2017-02-13T00:00:00Z,805,62.270000,62.320000,62.780000,62.270000,22971
2017-02-14T00:00:00Z,806,60.080000,60.400000,60.510000,60.080000,23260
2017-02-15T00:00:00Z,807,60.880000,61.350000,61.540000,60.720000,17789
2017-02-16T00:00:00Z,808,62.430000,62.360000,62.510000,62.160000,9472
2017-02-17T00:00:00Z,809,61.225000,61.260000,61.320000,60.870000,19944
2017-02-21T00:00:00Z,813,61.760000,61.960000,61.960000,61.490000,6427
2017-02-22T00:00:00Z,814,64.400000,64.660000,64.800000,64.230000,15066
2017-02-23T00:00:00Z,815,63.390000,63.090000,63.390000,62.820000,13642
2017-02-24T00:00:00Z,816,61.500000,61.740000,61.740000,61.345000,13969
2017-02-27T00:00:00Z,819,60.760000,60.670000,60.980000,60.560000,15712
2017-02-28T00:00:00Z,820,60.400000,60.920000,60.950000,60.400000,13429
2017-03-01T00:00:00Z,824,60.140000,60.450000,60.490000,59.940000,21813
2017-03-02T00:00:00Z,825,60.240000,60.170000,60.350000,60.107600,6659
2017-03-03T00:00:00Z,826,60.040000,60.060000,60.230000,59.970000,7328
2017-03-06T00:00:00Z,829,58.400000,58.270000,58.610000,58.270000,8761
2017-03-07T00:00:00Z,830,60.740000,60.420000,60.740000,60.180000,11782
2017-03-08T00:00:00Z,831,60.170000,59.930000,60.300000,59.780000,8200
2017-03-09T00:00:00Z,832,58.670000,58.340000,58.760000,58.180000,14050
2017-03-10T00:00:00Z,833,56.030000,55.910000,56.030000,55.520000,19109
2017-03-13T00:00:00Z,836,56.160000,55.810000,56.160000,55.750100,5470
2017-03-14T00:00:00Z,837,56.390000,56.310000,56.510000,56.260000,14773
2017-03-15T00:00:00Z,838,56.190000,57.060000,57.380000,56.170100,42602
2017-03-16T00:00:00Z,839,57.240000,57.540000,57.700000,57.060000,12352
2017-03-17T00:00:00Z,840,56.610000,56.760000,57.230000,56.510000,46052
2017-03-20T00:00:00Z,843,57.360000,57.340000,57.400000,57.280000,26213
2017-03-21T00:00:00Z,844,57.340000,56.570000,57.370000,56.170000,13452
2017-03-22T00:00:00Z,845,56.430000,56.840000,56.960000,56.410000,11964
2017-03-23T00:00:00Z,846,56.920000,56.920000,57.090000,56.688200,18132
2017-03-24T00:00:00Z,847,56.950000,57.170000,57.180000,56.840000,8832
2017-03-27T00:00:00Z,850,55.960000,56.100000,56.210000,55.750000,16848
2017-03-28T00:00:00Z,851,56.310000,56.620000,56.800000,56.310000,28404
2017-03-29T00:00:00Z,852,56.400000,57.070000,57.190000,56.400000,16964
2017-03-30T00:00:00Z,853,56.180000,56.150000,56.360000,56.150000,10736
2017-03-31T00:00:00Z,854,55.830000,55.760000,56.090000,55.510000,21520
2017-04-03T00:00:00Z,857,56.520000,56.350000,56.560000,56.060000,37611
2017-04-04T00:00:00Z,858,56.500000,56.840000,56.970000,56.500000,9826
2017-04-05T00:00:00Z,859,56.340000,56.160000,56.340000,56.050000,14303
2017-04-06T00:00:00Z,860,56.080000,56.550000,56.560000,56.080000,10371
2017-04-07T00:00:00Z,861,57.020000,57.210000,57.240000,56.720000,11015
2017-04-10T00:00:00Z,864,57.190000,57.360000,57.380000,56.856000,12526
2017-04-11T00:00:00Z,865,57.410000,57.430000,57.430000,57.150000,18090
2017-04-12T00:00:00Z,866,58.300000,58.640000,58.990000,58.030000,46073
2017-04-13T00:00:00Z,867,57.640000,58.700000,58.720000,57.600000,106589
2017-04-17T00:00:00Z,871,57.880000,59.100000,59.220000,57.530000,96919
2017-04-18T00:00:00Z,872,57.190000,57.380000,57.570000,57.143000,79388
2017-04-19T00:00:00Z,873,57.470000,57.520000,57.930000,57.400000,35089
2017-04-20T00:00:00Z,874,57.140000,57.300000,57.410000,57.061000,20196
2017-04-21T00:00:00Z,875,56.910000,56.810000,56.950000,56.810000,11909
2017-04-24T00:00:00Z,878,56.980000,56.850000,57.230000,56.850000,24163
2017-04-25T00:00:00Z,879,56.850000,57.070000,57.220000,56.850000,17950
2017-04-26T00:00:00Z,880,56.910000,56.780000,56.990000,56.780000,20618
2017-04-27T00:00:00Z,881,56.060000,55.600000,56.090000,55.470000,17052
2017-04-28T00:00:00Z,882,56.100000,55.980000,56.200000,55.910000,15235
2017-05-01T00:00:00Z,886,55.980000,56.400000,56.520000,55.980000,17873
2017-05-02T00:00:00Z,887,56.650000,56.690000,56.830000,56.598000,18047
2017-05-03T00:00:00Z,888,56.620000,56.360000,56.700000,56.350000,16418
2017-05-04T00:00:00Z,889,56.200000,55.630000,56.200000,55.530000,23076
2017-05-05T00:00:00Z,890,55.490000,55.860000,55.930000,55.490000,12193
2017-05-08T00:00:00Z,893,56.810000,56.510000,56.810000,56.500000,16239
2017-05-09T00:00:00Z,894,56.160000,56.130000,56.400000,55.950000,16191
2017-05-10T00:00:00Z,895,55.460000,55.510000,55.670000,55.271000,32898
2017-05-11T00:00:00Z,896,55.960000,56.160000,56.160000,55.740000,22851
2017-05-12T00:00:00Z,897,56.760000,56.940000,57.080000,56.650000,30591
2017-05-15T00:00:00Z,900,57.580000,57.910000,57.990000,57.580000,28788
2017-05-16T00:00:00Z,901,57.920000,57.920000,58.020000,57.772200,22000
2017-05-17T00:00:00Z,902,57.780000,57.270000,57.860000,57.230000,37603
2017-05-18T00:00:00Z,903,57.280000,57.400000,57.540000,57.100000,14824
2017-05-19T00:00:00Z,904,57.630000,57.760000,57.980000,57.630000,20540
2017-05-22T00:00:00Z,907,58.000000,57.850000,58.120000,57.850000,19966
2017-05-23T00:00:00Z,908,57.910000,57.740000,57.910000,57.530000,17673
2017-05-24T00:00:00Z,909,58.521000,58.880000,58.980000,58.521000,22439
2017-05-25T00:00:00Z,910,59.870000,60.160000,60.450000,59.870000,24039
2017-05-26T00:00:00Z,911,58.740000,59.080000,59.230000,58.591000,24135
2017-05-30T00:00:00Z,915,58.710000,58.590000,58.780000,58.432500,16980
2017-05-31T00:00:00Z,916,58.990000,58.960000,59.040000,58.730000,23699
2017-06-01T00:00:00Z,917,58.140000,58.230000,58.460000,57.940000,45964
2017-06-02T00:00:00Z,918,56.490000,56.170000,56.580000,56.070000,39589
2017-06-05T00:00:00Z,921,55.560000,55.280000,56.000000,55.060000,41038
2017-06-06T00:00:00Z,922,55.370000,55.650000,55.790000,55.350000,36704
2017-06-07T00:00:00Z,923,55.650000,55.080000,55.790000,55.080000,79999
2017-06-08T00:00:00Z,924,55.680000,55.900000,56.000000,55.560000,36115
2017-06-09T00:00:00Z,925,55.900000,55.540000,55.930000,55.450000,50094
2017-06-12T00:00:00Z,928,55.750000,55.910000,56.004100,55.750000,50765
2017-06-13T00:00:00Z,929,56.180000,56.350000,56.460000,56.070000,61695
2017-06-14T00:00:00Z,930,55.960000,56.980000,57.270000,55.960000,112976
2017-06-15T00:00:00Z,931,52.380000,52.000000,52.740000,51.370000,96085
2017-06-16T00:00:00Z,932,52.230000,52.270000,52.440000,51.900000,27922
2017-06-19T00:00:00Z,935,51.200000,50.920000,51.240000,50.670000,67438
2017-06-20T00:00:00Z,936,51.610000,51.480000,51.920000,51.270000,25253
2017-06-21T00:00:00Z,937,51.880000,51.770000,51.990000,51.660000,33502
2017-06-22T00:00:00Z,938,52.040000,51.980000,52.480000,51.980000,22604
2017-06-23T00:00:00Z,939,51.420000,51.440000,51.590000,51.293200,22464
2017-06-26T00:00:00Z,942,51.440000,51.530000,51.702600,51.325000,16026
2017-06-27T00:00:00Z,943,51.700000,51.990000,52.260000,51.640000,25616
2017-06-28T00:00:00Z,944,52.500000,52.690000,52.731000,52.460000,25345
2017-06-29T00:00:00Z,945,53.100000,53.080000,53.200000,52.698900,43108
2017-06-30T00:00:00Z,946,53.250000,53.510000,53.658700,53.250000,16750
2017-07-03T00:00:00Z,950,53.300000,53.380000,53.570000,53.230000,10982
2017-07-05T00:00:00Z,952,53.230000,53.290000,53.362500,52.820000,21813
2017-07-06T00:00:00Z,953,54.205000,54.240000,54.440000,53.950000,34109
2017-07-07T00:00:00Z,954,55.200000,55.420000,55.420000,54.800000,35158
2017-07-10T00:00:00Z,957,54.720000,55.030000,55.090000,54.580000,30539
2017-07-11T00:00:00Z,958,55.340000,55.690000,55.690000,55.277800,31480
2017-07-12T00:00:00Z,959,55.620000,55.790000,55.850000,55.310000,34903
2017-07-13T00:00:00Z,960,56.320000,57.180000,57.350000,55.920000,74683
2017-07-14T00:00:00Z,961,58.000000,58.450000,58.450000,57.960000,35615
2017-07-17T00:00:00Z,964,56.740000,56.730000,57.000000,56.150000,59509
2017-07-18T00:00:00Z,965,57.580000,58.570000,58.570000,57.458200,54122
2017-07-19T00:00:00Z,966,57.070000,56.910000,57.250000,56.880000,38597
2017-07-20T00:00:00Z,967,56.580000,56.440000,56.580000,56.280100,13793
2017-07-21T00:00:00Z,968,57.180000,57.250000,57.290000,56.907500,22787
2017-07-24T00:00:00Z,971,56.730000,56.830000,56.870000,56.450000,17713
2017-07-25T00:00:00Z,972,56.100000,56.040000,56.150000,56.020000,26856
2017-07-26T00:00:00Z,973,56.060000,56.460000,56.460000,55.671000,31177
2017-07-27T00:00:00Z,974,56.790000,56.530000,56.870000,56.300400,24840
2017-07-28T00:00:00Z,975,56.650000,56.990000,56.990000,56.650000,17706
2017-07-31T00:00:00Z,978,57.250000,57.280000,57.280000,57.070000,16785
2017-08-01T00:00:00Z,979,57.410000,56.910000,57.410000,56.910000,15480
2017-08-02T00:00:00Z,980,57.800000,57.650000,58.019900,57.500000,26841
2017-08-03T00:00:00Z,981,56.860000,56.920000,56.950000,56.600100,21646
2017-08-04T00:00:00Z,982,57.530000,57.590000,57.740000,57.160200,21818
2017-08-07T00:00:00Z,985,60.900000,61.280000,61.470000,60.760000,31759
2017-08-08T00:00:00Z,986,60.900000,60.700000,61.000000,60.570000,15984
2017-08-09T00:00:00Z,987,60.850000,60.620000,60.850000,60.460000,17713
2017-08-10T00:00:00Z,988,60.220000,59.500000,60.220000,59.500000,16243
2017-08-11T00:00:00Z,989,59.180000,58.890000,59.240000,58.890000,20462
2017-08-14T00:00:00Z,992,59.420000,59.520000,59.520000,59.218200,12633
2017-08-15T00:00:00Z,993,59.590000,59.580000,59.770000,59.452000,30980
2017-08-16T00:00:00Z,994,59.420000,58.750000,59.420000,58.530000,19325
2017-08-17T00:00:00Z,995,60.900000,60.830000,61.530000,60.810000,22611
2017-08-18T00:00:00Z,996,60.530000,60.620000,60.700000,60.090000,9058
2017-08-21T00:00:00Z,999,60.590000,60.840000,60.920000,60.500000,22524
2017-08-22T00:00:00Z,1000,60.710000,61.070000,61.100000,60.710000,20542
2017-08-23T00:00:00Z,1001,61.180000,61.250000,61.330000,60.906700,22489
2017-08-24T00:00:00Z,1002,59.560000,59.640000,60.150000,59.460000,20720
2017-08-25T00:00:00Z,1003,60.370000,60.160000,60.490000,60.160000,20239
2017-08-28T00:00:00Z,1006,60.430000,60.320000,60.590000,60.290000,15089
2017-08-29T00:00:00Z,1007,60.520000,60.790000,60.800000,60.520000,17097
2017-08-30T00:00:00Z,1008,62.750000,62.610000,62.750000,62.210000,13277
2017-08-31T00:00:00Z,1009,62.580000,62.700000,62.720000,62.550000,14064
2017-09-01T00:00:00Z,1010,62.460000,62.660000,62.690000,62.390000,21284
2017-09-05T00:00:00Z,1014,60.590000,60.510000,60.590000,60.100000,20291
2017-09-06T00:00:00Z,1015,60.490000,60.640000,60.640000,60.428900,15689
2017-09-07T00:00:00Z,1016,60.730000,61.080000,61.270000,60.730000,16175
2017-09-08T00:00:00Z,1017,62.560000,62.450000,62.560000,62.165000,15006
2017-09-11T00:00:00Z,1020,62.000000,62.230000,62.230000,61.690000,20768
2017-09-12T00:00:00Z,1021,61.460000,61.090000,62.160000,61.090000,22800
2017-09-13T00:00:00Z,1022,61.690000,61.540000,61.700000,61.220000,15939
2017-09-14T00:00:00Z,1023,61.790000,61.840000,61.890000,61.430100,13010
2017-09-15T00:00:00Z,1024,61.400000,61.230000,61.450000,60.911000,27603
2017-09-18T00:00:00Z,1027,60.950000,61.010000,61.250000,60.720000,15942
2017-09-19T00:00:00Z,1028,60.560000,60.690000,60.820000,60.420000,16338
2017-09-20T00:00:00Z,1029,60.680000,60.480000,60.680000,60.010000,16013
2017-09-21T00:00:00Z,1030,60.680000,60.660000,60.840000,60.310000,16539
2017-09-22T00:00:00Z,1031,60.010000,59.840000,60.110000,59.760000,8310
2017-09-25T00:00:00Z,1034,58.780000,58.400000,58.780000,58.370400,11339
2017-09-26T00:00:00Z,1035,60.920000,60.060000,60.970000,60.060000,16118
2017-09-27T00:00:00Z,1036,60.390000,60.150000,60.400000,59.970000,10502
2017-09-28T00:00:00Z,1037,59.340000,59.530000,59.680000,59.340000,11286
2017-09-29T00:00:00Z,1038,59.590000,59.820000,60.020000,59.590000,12403
2017-10-02T00:00:00Z,1042,60.140000,60.160000,60.250000,59.820000,11640
2017-10-03T00:00:00Z,1043,60.560000,61.000000,61.000000,60.458900,9645
2017-10-04T00:00:00Z,1044,60.750000,60.680000,60.782400,60.495000,9337
2017-10-05T00:00:00Z,1045,60.770000,61.040000,61.250000,60.673900,6875
2017-10-06T00:00:00Z,1046,62.090000,61.700000,62.100000,61.660000,15396
2017-10-09T00:00:00Z,1049,61.176300,61.390000,61.390000,61.084100,19716
2017-10-10T00:00:00Z,1050,61.140000,61.270000,61.290000,61.000000,27047
2017-10-11T00:00:00Z,1051,60.930000,61.240000,61.240000,60.840000,17761
2017-10-12T00:00:00Z,1052,61.240000,60.860000,61.240000,60.780000,26215
2017-10-13T00:00:00Z,1053,63.250000,63.280000,63.450000,62.820000,21563
2017-10-16T00:00:00Z,1056,62.440000,62.450000,62.450000,62.040000,16992
2017-10-17T00:00:00Z,1057,62.560000,62.270000,62.560000,61.920000,10211
2017-10-18T00:00:00Z,1058,63.240000,63.470000,63.550000,62.760000,15698
2017-10-19T00:00:00Z,1059,61.410000,61.680000,61.680000,61.230000,22573
2017-10-20T00:00:00Z,1060,62.450000,62.550000,62.690000,62.021000,11981
2017-10-23T00:00:00Z,1063,62.080000,61.540000,62.080000,61.540000,9673
2017-10-24T00:00:00Z,1064,61.880000,61.570000,61.880000,61.270000,9753
2017-10-25T00:00:00Z,1065,61.530000,61.420000,61.530000,60.880000,13450
2017-10-26T00:00:00Z,1066,61.410000,60.080000,61.410000,59.925000,11406
2017-10-27T00:00:00Z,1067,61.450000,61.300000,61.510000,61.120000,13171
2017-10-30T00:00:00Z,1070,61.000000,60.770000,61.390000,60.621000,13858
2017-10-31T00:00:00Z,1071,60.400000,60.500000,60.500000,60.038200,22659
2017-11-01T00:00:00Z,1072,60.910000,61.110000,61.110000,60.620000,21422
2017-11-02T00:00:00Z,1073,59.790000,59.420000,59.790000,59.355000,20982
2017-11-03T00:00:00Z,1074,59.750000,59.820000,59.820000,59.567300,9069
2017-11-06T00:00:00Z,1077,59.500000,59.840000,59.990000,59.111000,16915
2017-11-07T00:00:00Z,1078,58.920000,58.940000,59.560000,58.800000,30004
2017-11-08T00:00:00Z,1079,59.560000,59.880000,59.880000,59.344000,12384
2017-11-09T00:00:00Z,1080,59.194000,59.100000,59.450000,58.900100,11425
2017-11-10T00:00:00Z,1081,59.460000,59.560000,59.560000,59.080000,11528
2017-11-13T00:00:00Z,1084,60.255000,60.140000,60.300000,59.761000,17367
2017-11-14T00:00:00Z,1085,59.480000,59.210000,59.800000,59.190000,12874
2017-11-15T00:00:00Z,1086,59.230000,58.900000,59.230000,58.580000,26872
2017-11-16T00:00:00Z,1087,58.890000,59.190000,59.190000,58.550000,9417
2017-11-17T00:00:00Z,1088,58.080000,58.010000,58.240000,57.929700,16289
2017-11-20T00:00:00Z,1091,57.960000,58.040000,58.110000,57.544900,19132
2017-11-21T00:00:00Z,1092,59.280000,59.610000,59.680000,59.200000,17092
2017-11-22T00:00:00Z,1093,60.315000,60.400000,60.550000,59.860000,14978
2017-11-24T00:00:00Z,1095,59.220000,58.990000,59.220000,58.957500,6113
2017-11-27T00:00:00Z,1098,60.040000,59.350000,60.040000,59.350000,15655
2017-11-28T00:00:00Z,1099,58.960000,59.120000,59.345000,58.840000,12688
2017-11-29T00:00:00Z,1100,58.120000,57.880000,58.260000,57.820000,18905
2017-11-30T00:00:00Z,1101,59.470000,59.270000,59.470000,58.820000,23834
2017-12-01T00:00:00Z,1103,58.600000,57.880000,58.600000,57.880000,19113
2017-12-04T00:00:00Z,1106,58.550000,58.070000,58.735000,58.070000,11077
2017-12-05T00:00:00Z,1107,58.410000,58.030000,58.485000,58.030000,11316
2017-12-06T00:00:00Z,1108,56.990000,56.850000,57.090000,56.752600,18409
2017-12-07T00:00:00Z,1109,56.460000,56.710000,56.710000,56.128800,11077
2017-12-08T00:00:00Z,1110,57.910000,57.990000,57.990000,57.590000,17168
2017-12-11T00:00:00Z,1113,57.890000,58.100000,58.100000,57.720000,16752
2017-12-12T00:00:00Z,1114,57.560000,56.800000,57.560000,56.550000,16283
2017-12-13T00:00:00Z,1115,56.740000,56.820000,57.319000,56.740000,25644
2017-12-14T00:00:00Z,1116,57.370000,57.900000,57.900000,57.260000,19051
2017-12-15T00:00:00Z,1117,57.370000,57.050000,57.370000,56.620000,28512
2017-12-18T00:00:00Z,1120,56.830000,57.160000,57.160000,56.700000,26010
2017-12-19T00:00:00Z,1121,55.360000,55.670000,55.970000,55.160000,35466
2017-12-20T00:00:00Z,1122,56.270000,56.400000,56.400000,56.002800,18700
2017-12-21T00:00:00Z,1123,56.970000,57.490000,57.750000,56.920000,31520
2017-12-22T00:00:00Z,1124,57.540000,58.210000,58.210000,57.540000,27080
2017-12-26T00:00:00Z,1128,58.200000,58.130000,58.200000,58.030000,8582
2017-12-27T00:00:00Z,1129,58.200000,57.680000,58.200000,57.593900,22828
2017-12-28T00:00:00Z,1130,57.820000,57.640000,57.820000,57.170000,18734
2017-12-29T00:00:00Z,1131,57.260000,57.000000,57.379900,57.000000,14311
2018-01-02T00:00:00Z,1128,57.800000,58.080000,58.630000,57.800000,22522
2018-01-03T00:00:00Z,1129,59.300000,59.730000,59.730000,59.250000,23948
2018-01-04T00:00:00Z,1130,61.330000,61.240000,61.682000,61.230000,25570
2018-01-05T00:00:00Z,1131,61.010000,61.420000,61.420000,60.680000,17291
2018-01-08T00:00:00Z,1134,61.490000,61.610000,61.610000,61.200100,14899
2018-01-09T00:00:00Z,1135,60.630000,59.960000,60.630000,59.810000,18463
2018-01-10T00:00:00Z,1136,59.640000,59.900000,60.010000,59.450000,33193
2018-01-11T00:00:00Z,1137,59.900000,60.080000,60.410000,59.480000,29077
2018-01-12T00:00:00Z,1138,60.290000,61.320000,61.320000,60.290000,24762
2018-01-16T00:00:00Z,1142,61.570000,61.800000,61.830000,61.390000,42879
2018-01-17T00:00:00Z,1143,61.630000,62.270000,62.780000,61.500000,77909
2018-01-18T00:00:00Z,1144,61.550000,61.690000,62.000000,61.340000,42052
2018-01-19T00:00:00Z,1145,61.620000,62.540000,62.789000,61.500000,37761
2018-01-22T00:00:00Z,1148,62.270000,62.400000,62.460000,61.810000,35916
2018-01-23T00:00:00Z,1149,61.640000,61.930000,62.080000,61.620000,30498
2018-01-24T00:00:00Z,1150,62.350000,62.840000,62.930000,62.322500,19884
2018-01-25T00:00:00Z,1151,63.890000,63.820000,64.430000,63.400000,39330
2018-01-26T00:00:00Z,1152,63.880000,64.430000,64.430000,63.830000,35601
2018-01-29T00:00:00Z,1155,62.790000,62.280000,63.100000,62.280000,65748
2018-01-30T00:00:00Z,1156,61.610000,61.690000,62.170000,61.600000,57339
2018-01-31T00:00:00Z,1157,61.960000,61.780000,62.010000,61.525000,26857
2018-02-01T00:00:00Z,1158,60.620000,60.710000,61.100000,60.580000,47651
2018-02-02T00:00:00Z,1159,61.280000,60.720000,61.350000,60.450000,31918
2018-02-05T00:00:00Z,1162,60.720000,59.750000,61.490000,59.290000,86567
2018-02-06T00:00:00Z,1163,57.770000,60.200000,60.200000,57.770000,44182
2018-02-07T00:00:00Z,1164,59.500000,57.980000,59.500000,57.980000,59857
2018-02-08T00:00:00Z,1165,58.100000,56.070000,58.160000,56.070000,51996
2018-02-09T00:00:00Z,1166,55.610000,56.360000,56.360000,54.770000,62709
2018-02-12T00:00:00Z,1169,56.820000,57.570000,57.590000,56.780000,37501
2018-02-13T00:00:00Z,1170,56.790000,57.280000,58.050000,55.910000,146116
2018-02-14T00:00:00Z,1171,57.470000,58.930000,58.930000,57.470000,26332
2018-02-15T00:00:00Z,1172,59.225000,58.990000,59.830000,58.460000,47003
2018-02-16T00:00:00Z,1173,58.990000,58.500000,59.390000,58.500000,35378
2018-02-20T00:00:00Z,1177,58.690000,59.040000,59.135000,58.565000,32566
2018-02-21T00:00:00Z,1178,59.280000,59.410000,60.196400,59.060000,31155
2018-02-22T00:00:00Z,1179,58.830000,59.120000,59.380000,58.830000,15263
2018-02-23T00:00:00Z,1180,59.090000,59.730000,59.880000,58.960000,19598
2018-02-26T00:00:00Z,1183,60.120000,60.510000,60.700000,60.090000,26347
2018-02-27T00:00:00Z,1184,61.010000,60.480000,62.150000,60.450000,71003
2018-02-28T00:00:00Z,1185,60.500000,59.640000,60.895000,59.640000,34428
2018-03-01T00:00:00Z,1189,60.130000,59.430000,60.310000,59.154000,16606
2018-03-02T00:00:00Z,1190,59.470000,60.270000,60.280000,59.256000,22688
2018-03-05T00:00:00Z,1193,59.460000,60.090000,60.260000,59.218200,33167
2018-03-06T00:00:00Z,1194,59.580000,59.480000,59.820000,59.320000,32117
2018-03-07T00:00:00Z,1195,59.040000,59.110000,59.280000,58.730000,21013
2018-03-08T00:00:00Z,1196,59.270000,59.270000,59.320000,59.000000,16922
2018-03-09T00:00:00Z,1197,59.660000,60.130000,60.170000,59.500000,20570
2018-03-12T00:00:00Z,1200,59.710000,59.670000,59.790000,59.444400,12441
2018-03-13T00:00:00Z,1201,60.310000,59.380000,60.350000,59.350000,25915
2018-03-14T00:00:00Z,1202,60.400000,60.130000,60.750000,60.000000,17173
2018-03-15T00:00:00Z,1203,61.510000,61.340000,61.769100,61.210000,20494
2018-03-16T00:00:00Z,1204,61.560000,61.310000,61.630500,61.270000,43450
2018-03-19T00:00:00Z,1207,61.290000,60.250000,61.290000,60.170000,24788
2018-03-20T00:00:00Z,1208,62.080000,62.250000,62.250000,61.838000,19726
2018-03-21T00:00:00Z,1209,60.790000,60.970000,60.990000,59.870000,37598
2018-03-22T00:00:00Z,1210,60.690000,60.320000,61.100000,60.270000,20961
2018-03-23T00:00:00Z,1211,60.410000,59.630000,60.470000,59.630000,15828
2018-03-26T00:00:00Z,1214,60.770000,61.270000,61.270000,60.270000,25435
2018-03-27T00:00:00Z,1215,61.270000,60.260000,61.440000,60.260000,22378
2018-03-28T00:00:00Z,1216,61.070000,61.150000,61.210000,60.720000,25548
2018-03-29T00:00:00Z,1217,61.020000,61.320000,61.920000,61.020000,27267
2018-04-02T00:00:00Z,1221,61.260000,60.760000,61.540000,60.550000,41557
2018-04-03T00:00:00Z,1222,61.290000,61.550000,61.550000,60.945000,29424
2018-04-04T00:00:00Z,1223,60.610000,62.300000,62.320000,60.610000,33668
2018-04-05T00:00:00Z,1224,62.400000,62.000000,62.570000,62.000000,39699
2018-04-06T00:00:00Z,1225,62.660000,62.310000,62.910000,62.230000,37187
2018-04-09T00:00:00Z,1228,62.520000,62.530000,62.840000,62.160000,12907
2018-04-10T00:00:00Z,1229,62.720000,63.900000,63.900000,62.580000,26910
2018-04-11T00:00:00Z,1230,62.500000,63.730000,64.390000,62.500000,81761
2018-04-12T00:00:00Z,1231,63.780000,64.250000,64.560000,63.686000,31407
2018-04-13T00:00:00Z,1232,64.110000,63.930000,64.155000,63.694400,23745
2018-04-16T00:00:00Z,1235,63.490000,63.740000,64.010000,63.360000,45592
2018-04-17T00:00:00Z,1236,64.310000,64.700000,64.970000,64.120000,26325
2018-04-18T00:00:00Z,1237,64.360000,64.450000,64.720000,63.810000,37919
2018-04-19T00:00:00Z,1238,64.930000,65.100000,65.240000,64.800000,34767
2018-04-20T00:00:00Z,1239,64.800000,65.030000,65.200000,64.780000,16317
2018-04-23T00:00:00Z,1242,65.041500,65.480000,65.680000,65.041500,30802
2018-04-24T00:00:00Z,1243,66.410000,66.400000,66.960000,66.040000,43767
2018-04-25T00:00:00Z,1244,65.795000,66.210000,66.210000,65.550000,21850
2018-04-26T00:00:00Z,1245,66.000000,66.580000,66.890000,66.000000,32623
2018-04-27T00:00:00Z,1246,66.620000,66.000000,66.620000,65.595000,29707
2018-04-30T00:00:00Z,1249,66.500000,66.020000,66.749200,65.750000,34500
2018-05-01T00:00:00Z,1251,66.030000,66.440000,66.510000,65.790000,40442
2018-05-02T00:00:00Z,1252,66.030000,65.860000,66.185000,65.670000,26455
2018-05-03T00:00:00Z,1253,65.000000,64.810000,65.000000,63.770000,37211
2018-05-04T00:00:00Z,1254,64.700000,65.750000,65.990000,64.360000,36632
2018-05-07T00:00:00Z,1257,65.230000,64.510000,65.230000,64.220000,33529
2018-05-08T00:00:00Z,1258,65.100000,65.670000,65.670000,64.655300,59292
2018-05-09T00:00:00Z,1259,66.000000,66.840000,66.990000,65.790000,50286
2018-05-10T00:00:00Z,1260,66.830000,68.060000,68.070000,66.830000,31065
2018-05-11T00:00:00Z,1261,66.730000,66.880000,67.120000,66.711100,36985
2018-05-14T00:00:00Z,1264,67.320000,68.070000,68.290000,67.320000,51999
2018-05-15T00:00:00Z,1265,67.770000,67.630000,68.060000,67.580000,30143
2018-05-16T00:00:00Z,1266,69.490000,70.460000,70.530000,69.490000,38570
2018-05-17T00:00:00Z,1267,69.560000,69.070000,69.560000,68.820000,24105
2018-05-18T00:00:00Z,1268,69.660000,69.390000,69.660000,69.179100,20606
2018-05-21T00:00:00Z,1271,71.930000,71.300000,71.930000,71.160000,49945
2018-05-22T00:00:00Z,1272,71.760000,71.290000,71.760000,70.780000,33604
2018-05-23T00:00:00Z,1273,72.300000,72.140000,72.380000,71.440000,36403
2018-05-24T00:00:00Z,1274,70.560000,70.960000,71.080000,70.220000,32875
2018-05-25T00:00:00Z,1275,70.250000,70.990000,71.020000,70.250000,31641
2018-05-29T00:00:00Z,1279,69.370000,69.950000,70.350000,69.360000,64656
2018-05-30T00:00:00Z,1280,70.750000,71.930000,71.940000,70.605000,48098
2018-05-31T00:00:00Z,1281,73.210000,73.960000,74.090000,73.210000,28500
2018-06-01T00:00:00Z,1282,72.570000,73.570000,73.620000,72.570000,38249
2018-06-04T00:00:00Z,1285,70.750000,71.250000,71.250000,70.200000,65525
2018-06-05T00:00:00Z,1286,69.780000,69.700000,69.800000,69.240000,61124
2018-06-06T00:00:00Z,1287,70.990000,71.570000,71.700000,70.805000,55477
2018-06-07T00:00:00Z,1288,71.370000,71.300000,71.640000,70.780000,41023
2018-06-08T00:00:00Z,1289,71.580000,71.880000,72.120000,71.430000,35781
2018-06-11T00:00:00Z,1292,70.390000,70.500000,70.987700,70.300000,66769
2018-06-12T00:00:00Z,1293,71.040000,71.280000,71.490000,71.000000,29056
2018-06-13T00:00:00Z,1294,70.640000,70.800000,71.130000,70.345700,47304
2018-06-14T00:00:00Z,1295,70.350000,70.330000,70.830000,70.330000,49040
2018-06-15T00:00:00Z,1296,71.730000,72.360000,72.360000,70.810000,103912
2018-06-18T00:00:00Z,1299,68.360000,67.370000,68.360000,67.270000,54242
2018-06-19T00:00:00Z,1300,67.700000,67.600000,67.780000,67.215200,51036
2018-06-20T00:00:00Z,1301,63.490000,62.690000,63.950000,62.565400,128934
2018-06-21T00:00:00Z,1302,61.720000,61.560000,62.260000,61.560000,30241
2018-06-22T00:00:00Z,1303,61.560000,62.080000,62.150000,61.560000,34669
2018-06-25T00:00:00Z,1306,62.350000,61.460000,62.350000,61.340000,34141
2018-06-26T00:00:00Z,1307,61.950000,61.930000,62.136500,61.550000,38203
2018-06-27T00:00:00Z,1308,60.820000,59.390000,60.820000,59.390000,62697
2018-06-28T00:00:00Z,1309,58.920000,58.740000,59.130000,58.460000,150392
2018-06-29T00:00:00Z,1310,60.320000,59.980000,60.496200,59.905000,57111
2018-07-02T00:00:00Z,1314,59.880000,59.210000,59.880000,58.980000,41968
2018-07-03T00:00:00Z,1315,60.810000,60.130000,60.810000,60.130000,34834
2018-07-05T00:00:00Z,1317,59.660000,59.150000,59.870000,59.041600,41133
2018-07-06T00:00:00Z,1318,58.590000,58.770000,59.310000,58.490000,50594
2018-07-09T00:00:00Z,1321,59.410000,59.920000,59.935000,59.240000,41672
2018-07-10T00:00:00Z,1322,59.920000,60.140000,60.410000,59.436200,46155
2018-07-11T00:00:00Z,1323,58.480000,59.200000,59.770000,58.480000,64508
2018-07-12T00:00:00Z,1324,59.770000,60.500000,60.520000,59.750000,39017
2018-07-13T00:00:00Z,1325,60.840000,61.150000,61.310000,60.600000,22245
2018-07-16T00:00:00Z,1328,63.185000,62.650000,63.490000,62.260000,57538
2018-07-17T00:00:00Z,1329,61.150000,61.920000,62.000000,61.000000,34606
2018-07-18T00:00:00Z,1330,62.590000,62.800000,62.800000,62.200000,23980
2018-07-19T00:00:00Z,1331,61.540000,62.360000,62.630000,61.440000,44938
2018-07-20T00:00:00Z,1332,61.750000,61.750000,62.230000,61.590000,32483
2018-07-23T00:00:00Z,1335,61.210000,61.260000,61.700000,61.090000,23893
2018-07-24T00:00:00Z,1336,60.750000,61.810000,62.090000,60.750000,50236
2018-07-25T00:00:00Z,1337,62.440000,62.840000,62.840000,62.060000,22017
2018-07-26T00:00:00Z,1338,62.100000,62.010000,62.360000,62.000000,15715
2018-07-27T00:00:00Z,1339,61.880000,61.510000,62.069000,61.510000,21430
2018-07-30T00:00:00Z,1342,62.050000,61.950000,62.360000,61.950000,23422
2018-07-31T00:00:00Z,1343,60.500000,61.340000,61.340000,60.000000,36768
2018-08-01T00:00:00Z,1344,61.210000,61.620000,61.630000,60.880000,36836
2018-08-02T00:00:00Z,1345,60.940000,61.320000,61.390000,60.610000,27446
2018-08-03T00:00:00Z,1346,60.197000,61.090000,61.090000,60.020000,30975
2018-08-06T00:00:00Z,1349,59.530000,59.800000,60.090000,59.300000,33130
2018-08-07T00:00:00Z,1350,60.230000,60.440000,60.880000,60.030700,29789
2018-08-08T00:00:00Z,1351,60.490000,60.460000,60.670000,60.160000,24181
2018-08-09T00:00:00Z,1352,60.890000,61.090000,61.410000,60.890000,14903
2018-08-10T00:00:00Z,1353,59.490000,59.320000,59.490000,58.970000,27658
2018-08-13T00:00:00Z,1356,58.810000,58.770000,59.040000,58.510000,19764
2018-08-14T00:00:00Z,1357,58.240000,58.830000,58.890000,58.060000,33264
2018-08-15T00:00:00Z,1358,56.810000,56.800000,57.680000,56.421000,30001
2018-08-16T00:00:00Z,1359,56.000000,56.630000,56.630000,55.000000,52459
2018-08-17T00:00:00Z,1360,55.890000,56.590000,56.760000,55.697300,30138
2018-08-20T00:00:00Z,1363,56.610000,56.490000,56.647600,55.930000,24533
2018-08-21T00:00:00Z,1364,58.560000,59.150000,59.600000,58.560000,41543
2018-08-22T00:00:00Z,1365,58.900000,58.130000,58.900000,58.130000,62808
2018-08-23T00:00:00Z,1366,57.280000,57.040000,57.720000,57.010000,41263
2018-08-24T00:00:00Z,1367,56.840000,57.570000,57.820000,56.750000,44613
2018-08-27T00:00:00Z,1370,58.230000,58.800000,59.160000,58.164200,44305
2018-08-28T00:00:00Z,1371,59.270000,59.020000,59.720000,58.820000,25276
2018-08-29T00:00:00Z,1372,58.740000,58.990000,59.140000,58.533700,28755
2018-08-30T00:00:00Z,1373,58.550000,58.050000,58.590000,57.880000,27158
2018-08-31T00:00:00Z,1374,58.440000,58.660000,58.880000,58.185000,26804
2018-09-04T00:00:00Z,1378,57.900000,57.680000,58.100000,57.450000,24523
2018-09-05T00:00:00Z,1379,55.500000,55.950000,56.050000,55.500000,30066
2018-09-06T00:00:00Z,1380,55.990000,56.200000,56.370000,55.840000,27835
2018-09-07T00:00:00Z,1381,55.750000,55.670000,55.990000,55.320000,31842
2018-09-10T00:00:00Z,1384,55.220000,54.610000,55.280000,54.540100,38528
2018-09-11T00:00:00Z,1385,54.640000,54.700000,54.850000,54.590000,20814
2018-09-12T00:00:00Z,1386,55.000000,55.410000,55.650000,54.870000,37086
2018-09-13T00:00:00Z,1387,56.230000,56.290000,56.360000,55.930000,27272
2018-09-14T00:00:00Z,1388,56.260000,55.400000,56.263000,55.400000,28449
2018-09-17T00:00:00Z,1391,55.990000,55.830000,55.990000,55.480000,20906
2018-09-18T00:00:00Z,1392,56.540000,56.470000,56.620000,56.220000,35154
2018-09-19T00:00:00Z,1393,56.890000,56.840000,57.340000,56.770000,27464
2018-09-20T00:00:00Z,1394,58.480000,58.200000,58.520000,57.950000,34363
2018-09-21T00:00:00Z,1395,59.380000,58.760000,59.500000,58.720000,33984
2018-09-24T00:00:00Z,1398,58.120000,57.870000,58.250000,57.730000,13257
2018-09-25T00:00:00Z,1399,58.040000,58.310000,58.310000,57.910000,17696
2018-09-26T00:00:00Z,1400,60.220000,59.800000,60.930000,59.760000,44995
2018-09-27T00:00:00Z,1401,59.570000,60.340000,61.330000,59.270100,73256
2018-09-28T00:00:00Z,1402,60.650000,60.350000,60.850000,60.170000,40818
2018-10-01T00:00:00Z,1406,60.960000,59.770000,60.960000,59.770000,34110
2018-10-02T00:00:00Z,1407,59.500000,59.620000,59.820000,59.250000,43617
2018-10-03T00:00:00Z,1408,59.760000,59.230000,59.780000,58.885000,39892
2018-10-04T00:00:00Z,1409,58.070000,57.270000,58.070000,56.920000,32768
2018-10-05T00:00:00Z,1410,57.290000,56.720000,57.357100,56.230000,48711
2018-10-08T00:00:00Z,1413,56.160000,56.270000,56.560000,55.930000,46209
2018-10-09T00:00:00Z,1414,56.270000,55.770000,56.270000,55.630000,60314
2018-10-10T00:00:00Z,1415,51.660000,51.550000,52.060000,51.310000,145333
2018-10-11T00:00:00Z,1416,47.760000,47.500000,48.149000,47.500000,110540
2018-10-12T00:00:00Z,1417,49.130000,48.980000,49.389900,48.525000,66250
2018-10-15T00:00:00Z,1420,48.980000,48.310000,49.070000,48.310000,35885
2018-10-16T00:00:00Z,1421,47.610000,48.030000,48.040000,47.570000,42262
2018-10-17T00:00:00Z,1422,48.030000,47.360000,48.060000,47.360000,32654
2018-10-18T00:00:00Z,1423,47.360000,46.300000,47.360000,46.180000,53139
2018-10-19T00:00:00Z,1424,47.150000,46.830000,47.438000,46.610000,50857
2018-10-22T00:00:00Z,1427,48.090000,47.400000,48.250000,47.320000,39522
2018-10-23T00:00:00Z,1428,46.460000,46.460000,46.820000,46.000000,41156
2018-10-24T00:00:00Z,1429,46.290000,45.270000,46.410000,45.230000,43205
2018-10-25T00:00:00Z,1430,45.700000,46.150000,46.560000,45.510000,46470
2018-10-26T00:00:00Z,1431,44.900000,44.760000,44.950000,44.406400,49400
2018-10-29T00:00:00Z,1434,43.910000,42.300000,43.910000,42.010000,80535
2018-10-30T00:00:00Z,1435,43.010000,43.220000,43.290000,42.600000,40526
2018-10-31T00:00:00Z,1436,43.710000,43.850000,44.140000,43.647000,37225
2018-11-01T00:00:00Z,1437,45.030000,45.240000,45.500000,44.595200,51468
2018-11-02T00:00:00Z,1438,46.370000,45.730000,46.420000,45.560000,43676
2018-11-05T00:00:00Z,1441,45.930000,46.120000,46.500000,45.880000,33570
2018-11-06T00:00:00Z,1442,46.550000,46.300000,46.550000,45.890000,38438
2018-11-07T00:00:00Z,1443,46.370000,46.280000,46.370000,45.900000,44849
2018-11-08T00:00:00Z,1444,46.310000,45.310000,46.830000,44.680000,83227
2018-11-09T00:00:00Z,1445,45.140000,43.850000,45.140000,43.500000,52085
2018-11-12T00:00:00Z,1448,44.800000,43.010000,44.820000,42.910000,69080
2018-11-13T00:00:00Z,1449,44.860000,44.500000,45.080000,44.000000,93204
2018-11-14T00:00:00Z,1450,45.060000,45.290000,45.360000,44.510000,76625
2018-11-15T00:00:00Z,1451,44.635400,45.360000,45.717500,44.571900,46993
2018-11-16T00:00:00Z,1452,46.560000,46.810000,46.850000,46.000000,39151
2018-11-19T00:00:00Z,1455,46.850000,45.770000,46.950000,45.770000,31509
2018-11-20T00:00:00Z,1456,45.750000,45.130000,45.840000,44.949400,37937
2018-11-21T00:00:00Z,1457,46.190000,46.390000,46.530000,45.850000,52763
2018-11-23T00:00:00Z,1459,45.180000,45.310000,45.560000,44.908500,19853
2018-11-26T00:00:00Z,1462,44.750000,45.740000,45.770000,44.750000,36123
2018-11-27T00:00:00Z,1463,44.980000,45.130000,45.381600,44.892400,25827
2018-11-28T00:00:00Z,1464,45.300000,46.110000,46.360000,45.283700,35603
2018-11-29T00:00:00Z,1465,45.490000,45.360000,45.600000,44.940000,27575
2018-11-30T00:00:00Z,1466,45.160000,45.780000,45.820000,45.090000,65894
2018-12-03T00:00:00Z,1470,46.390000,46.970000,47.270000,46.390000,47980
2018-12-04T00:00:00Z,1471,47.490000,46.090000,47.549900,46.020000,36462
2018-12-05T00:00:00Z,1472,46.090000,46.090000,46.090000,46.090000,0
2018-12-06T00:00:00Z,1473,45.420000,45.350000,45.518600,44.660000,47757
2018-12-07T00:00:00Z,1474,45.240000,44.400000,45.505800,44.310000,29892
2018-12-10T00:00:00Z,1477,44.440000,44.770000,44.770000,43.550100,34323
2018-12-11T00:00:00Z,1478,44.880000,43.590000,45.420000,43.530000,87587
2018-12-12T00:00:00Z,1479,44.500000,45.000000,45.090000,44.500000,34700
2018-12-13T00:00:00Z,1480,45.380000,45.300000,45.510000,45.030000,31164
2018-12-14T00:00:00Z,1481,45.250000,46.040000,46.110000,45.250000,41173
2018-12-17T00:00:00Z,1484,44.400000,44.260000,44.792600,44.010000,40652
2018-12-18T00:00:00Z,1485,44.570000,44.380000,44.737600,44.240000,34008
2018-12-19T00:00:00Z,1486,44.500000,43.850000,44.810000,43.140900,26695
2018-12-20T00:00:00Z,1487,43.760000,43.810000,44.307700,43.560000,35110
2018-12-21T00:00:00Z,1488,43.500000,43.220000,43.655000,43.040000,30563
2018-12-24T00:00:00Z,1491,43.280000,43.300000,43.453300,43.010000,22313
2018-12-26T00:00:00Z,1493,43.220000,43.830000,44.060000,42.590000,55735
2018-12-27T00:00:00Z,1494,42.660000,43.280000,43.460000,42.550000,48323
2018-12-28T00:00:00Z,1495,43.620000,43.040000,43.739000,42.840000,67831
2018-12-31T00:00:00Z,1498,43.500000,43.160000,43.526500,42.560000,58828
2019-01-02T00:00:00Z,1493,43.760000,44.390000,44.560000,43.426100,46861
2019-01-03T00:00:00Z,1494,43.430000,42.830000,43.480000,42.830000,34148
2019-01-04T00:00:00Z,1495,43.630000,43.860000,44.480000,43.370000,51385
2019-01-07T00:00:00Z,1498,45.090000,45.600000,45.874900,44.950000,37850
2019-01-08T00:00:00Z,1499,45.440000,45.530000,45.620000,45.130000,35232
2019-01-09T00:00:00Z,1500,46.520000,47.600000,47.650000,46.155800,57517
2019-01-10T00:00:00Z,1501,45.410000,47.240000,47.240000,45.380000,55229
2019-01-11T00:00:00Z,1502,45.090000,46.150000,46.450000,45.010000,172125
2019-01-14T00:00:00Z,1505,45.590000,45.140000,45.590000,45.140000,28576
2019-01-15T00:00:00Z,1506,45.160000,45.290000,45.350000,45.050000,33836
2019-01-16T00:00:00Z,1507,45.720000,45.970000,46.220000,45.601000,37447
2019-01-17T00:00:00Z,1508,45.680000,45.940000,46.490000,45.640000,43373
2019-01-18T00:00:00Z,1509,46.110000,46.550000,47.260000,45.871600,61831
2019-01-22T00:00:00Z,1513,46.390000,45.580000,46.390000,45.470000,65307
2019-01-23T00:00:00Z,1514,46.510000,46.400000,46.748400,46.365000,32744
2019-01-24T00:00:00Z,1515,46.400000,46.220000,46.660000,46.020000,48762
2019-01-25T00:00:00Z,1516,46.480000,46.890000,47.140000,46.480000,20393
2019-01-28T00:00:00Z,1519,46.790000,47.160000,47.160000,46.310000,31644
2019-01-29T00:00:00Z,1520,47.190000,47.080000,47.490000,46.940000,34345
2019-01-30T00:00:00Z,1521,47.160000,47.390000,47.740000,46.780000,47629
2019-01-31T00:00:00Z,1522,47.920000,47.840000,48.090000,47.491700,34807
2019-02-01T00:00:00Z,1523,48.140000,47.860000,48.140000,47.680000,49880
2019-02-04T00:00:00Z,1526,48.350000,48.320000,48.510000,48.200300,14348
2019-02-05T00:00:00Z,1527,48.650000,49.020000,49.160000,48.570000,23063
2019-02-06T00:00:00Z,1528,49.130000,48.580000,49.130000,48.170000,16390
2019-02-07T00:00:00Z,1529,48.470000,48.040000,48.470000,47.660000,17008
2019-02-08T00:00:00Z,1530,47.900000,47.780000,48.040000,47.450000,19275
2019-02-11T00:00:00Z,1533,47.600000,47.160000,47.600000,47.020000,26403
2019-02-12T00:00:00Z,1534,47.280000,47.180000,47.480000,46.820000,27880
2019-02-13T00:00:00Z,1535,47.780000,47.320000,47.837400,47.210000,27720
2019-02-14T00:00:00Z,1536,48.700000,48.900000,49.180000,48.570000,40061
2019-02-15T00:00:00Z,1537,48.800000,48.840000,49.030000,48.580000,22759
2019-02-19T00:00:00Z,1541,48.370000,48.850000,48.960000,48.370000,25927
2019-02-20T00:00:00Z,1542,49.600000,49.500000,49.900000,49.470000,21868
2019-02-21T00:00:00Z,1543,49.440000,49.080000,49.440000,49.000000,24995
2019-02-22T00:00:00Z,1544,50.000000,50.360000,50.360000,49.954400,26505
2019-02-25T00:00:00Z,1547,51.350000,51.350000,51.576900,51.170000,30940
2019-02-26T00:00:00Z,1548,51.510000,51.530000,51.760000,51.385000,15956
2019-02-27T00:00:00Z,1549,50.930000,50.000000,50.930000,49.790000,48980
2019-02-28T00:00:00Z,1550,50.000000,50.410000,50.770000,50.000000,30964
2019-03-01T00:00:00Z,1554,50.990000,50.920000,51.269900,50.670000,21662
2019-03-04T00:00:00Z,1557,51.420000,51.200000,51.537100,50.690000,33551
2019-03-05T00:00:00Z,1558,51.570000,51.550000,51.600000,51.320000,29872
2019-03-06T00:00:00Z,1559,52.300000,52.010000,52.670000,51.390000,40784
2019-03-07T00:00:00Z,1560,51.970000,51.300000,51.970900,51.220000,38087
2019-03-08T00:00:00Z,1561,50.600000,50.650000,50.680000,50.080000,35127
2019-03-11T00:00:00Z,1564,51.810000,52.000000,52.000000,51.500000,55071
2019-03-12T00:00:00Z,1565,51.350000,51.230000,51.465800,51.030000,26180
2019-03-13T00:00:00Z,1566,51.350000,50.680000,51.350000,50.490000,29533
2019-03-14T00:00:00Z,1567,50.450000,50.080000,50.485600,50.040000,29552
2019-03-15T00:00:00Z,1568,50.590000,50.410000,50.750000,50.380000,36169
2019-03-18T00:00:00Z,1571,50.790000,50.670000,50.792500,50.460000,21711
2019-03-19T00:00:00Z,1572,51.380000,50.650000,51.590000,50.570000,52222
2019-03-20T00:00:00Z,1573,50.250000,50.360000,50.690000,49.900000,29015
2019-03-21T00:00:00Z,1574,51.200000,51.600000,51.770000,51.160000,30026
2019-03-22T00:00:00Z,1575,51.040000,50.560000,51.040000,50.330000,31909
2019-03-25T00:00:00Z,1578,49.740000,49.340000,50.000000,49.150000,24094
2019-03-26T00:00:00Z,1579,49.560000,49.380000,49.720000,49.260000,29142
2019-03-27T00:00:00Z,1580,48.760000,48.540000,48.950000,48.350000,32869
2019-03-28T00:00:00Z,1581,48.320000,48.110000,48.370000,47.820000,30689
2019-03-29T00:00:00Z,1582,47.670000,47.730000,47.900000,47.340000,43494
2019-04-01T00:00:00Z,1585,48.330000,48.610000,48.716200,48.330000,41079
2019-04-02T00:00:00Z,1586,49.740000,49.450000,49.800000,49.210000,66728
2019-04-03T00:00:00Z,1587,50.300000,50.110000,50.800000,49.510000,145699
2019-04-04T00:00:00Z,1588,50.180000,50.310000,50.350000,49.910000,38779
2019-04-05T00:00:00Z,1589,50.390000,50.370000,50.730000,50.370000,32152
2019-04-08T00:00:00Z,1592,50.590000,50.510000,50.600000,50.300000,21021
2019-04-09T00:00:00Z,1593,50.750000,50.380000,50.750000,50.370000,26387
2019-04-10T00:00:00Z,1594,50.380000,50.850000,50.850000,50.370000,27133
2019-04-11T00:00:00Z,1595,50.210000,50.580000,51.010000,50.130000,87324
2019-04-12T00:00:00Z,1596,49.240000,49.340000,49.960000,49.021900,63130
2019-04-15T00:00:00Z,1599,48.740000,48.970000,49.020000,48.210000,50099
2019-04-16T00:00:00Z,1600,48.980000,49.050000,49.140000,48.350000,25920
2019-04-17T00:00:00Z,1601,48.380000,48.610000,48.660000,48.320000,36137
2019-04-18T00:00:00Z,1602,48.200000,48.600000,48.690000,48.050000,44868
2019-04-22T00:00:00Z,1606,48.340000,48.660000,48.810000,48.230000,55346
2019-04-23T00:00:00Z,1607,47.350000,47.620000,48.120000,47.300000,58988
2019-04-24T00:00:00Z,1608,47.740000,47.580000,47.930000,47.440000,38624
2019-04-25T00:00:00Z,1609,47.280000,46.380000,47.380000,46.160000,100167
2019-04-26T00:00:00Z,1610,46.040000,45.200000,46.090000,45.190000,53508
2019-04-29T00:00:00Z,1613,45.430000,45.200000,45.510000,45.020000,33058
2019-04-30T00:00:00Z,1614,45.040000,44.880000,45.500000,44.800000,32170
2019-05-01T00:00:00Z,1616,45.180000,44.690000,45.180000,44.660000,28394
2019-05-02T00:00:00Z,1617,44.800000,44.290000,44.830000,44.260000,45214
2019-05-03T00:00:00Z,1618,44.720000,45.180000,45.220000,44.720000,19772
2019-05-06T00:00:00Z,1621,44.130000,44.410000,44.520000,43.510000,38302
2019-05-07T00:00:00Z,1622,44.150000,43.520000,44.370000,43.430000,39455
2019-05-08T00:00:00Z,1623,43.560000,43.150000,43.580000,43.150000,33487
2019-05-09T00:00:00Z,1624,43.020000,43.310000,43.580000,42.970000,29507
2019-05-10T00:00:00Z,1625,43.250000,42.830000,43.250000,42.710000,54515
2019-05-13T00:00:00Z,1628,42.200000,41.760000,42.560000,41.500000,61813
2019-05-14T00:00:00Z,1629,43.850000,43.900000,44.120000,43.630000,83984
2019-05-15T00:00:00Z,1630,44.000000,44.330000,44.510000,43.930000,29650
2019-05-16T00:00:00Z,1631,44.530000,44.680000,45.340000,44.530000,39533
2019-05-17T00:00:00Z,1632,43.970000,43.860000,44.300000,43.800000,30437
2019-05-20T00:00:00Z,1635,43.510000,43.490000,44.000000,43.270000,84401
2019-05-21T00:00:00Z,1636,43.970000,44.000000,44.210000,43.810000,53771
2019-05-22T00:00:00Z,1637,43.610000,43.820000,44.027100,43.600000,52518
2019-05-23T00:00:00Z,1638,43.000000,42.690000,43.060000,42.500000,49251
2019-05-24T00:00:00Z,1639,42.980000,42.750000,43.000000,42.651400,18895
2019-05-28T00:00:00Z,1643,43.380000,43.440000,43.780000,43.350000,31695
2019-05-29T00:00:00Z,1644,42.910000,42.890000,43.170000,42.638200,24740
2019-05-30T00:00:00Z,1645,43.290000,43.340000,43.445000,43.110000,28992
2019-05-31T00:00:00Z,1646,42.670000,42.710000,43.240000,42.670000,78923
2019-06-03T00:00:00Z,1649,42.940000,43.060000,43.480000,42.940000,32207
2019-06-04T00:00:00Z,1650,42.590000,42.960000,43.060000,42.300000,44375
2019-06-05T00:00:00Z,1651,42.910000,42.530000,42.910000,42.290000,29849
2019-06-06T00:00:00Z,1652,42.390000,42.510000,42.660000,42.200000,26815
2019-06-07T00:00:00Z,1653,42.770000,42.800000,43.070000,42.550000,21923
2019-06-10T00:00:00Z,1656,42.840000,42.650000,43.060000,42.620000,48277
2019-06-11T00:00:00Z,1657,43.000000,43.330000,43.440000,42.830000,72302
2019-06-12T00:00:00Z,1658,43.160000,43.170000,43.230000,42.790000,46663
2019-06-13T00:00:00Z,1659,43.320000,43.280000,43.520000,43.020000,71048
2019-06-14T00:00:00Z,1660,43.060000,42.700000,43.110000,42.660000,89702
2019-06-17T00:00:00Z,1663,42.350000,42.480000,42.720000,42.330000,87816
2019-06-18T00:00:00Z,1664,42.940000,43.370000,43.600000,42.940000,101041
2019-06-19T00:00:00Z,1665,43.630000,44.220000,45.390000,43.410000,144171
2019-06-20T00:00:00Z,1666,44.550000,44.600000,45.300000,44.320000,160831
2019-06-21T00:00:00Z,1667,41.000000,40.440000,41.000000,40.335300,89871
2019-06-24T00:00:00Z,1670,40.200000,39.940000,40.230000,39.700000,79531
2019-06-25T00:00:00Z,1671,39.650000,38.680000,39.650000,38.680000,84028
2019-06-26T00:00:00Z,1672,39.320000,39.370000,39.550000,39.130000,61849
2019-06-27T00:00:00Z,1673,39.570000,39.770000,39.930000,39.570000,19946
2019-06-28T00:00:00Z,1674,39.720000,39.950000,40.150000,39.720000,47658
2019-07-01T00:00:00Z,1678,40.580000,39.930000,40.660000,39.810000,68637
2019-07-02T00:00:00Z,1679,40.050000,39.640000,40.050000,39.590000,44516
2019-07-03T00:00:00Z,1680,39.470000,39.290000,39.620000,39.120000,27101
2019-07-05T00:00:00Z,1682,38.870000,38.650000,38.870000,38.330000,61165
2019-07-08T00:00:00Z,1685,38.240000,37.400000,38.510000,37.400000,59746
2019-07-09T00:00:00Z,1686,37.210000,37.460000,37.460000,36.970000,80487
2019-07-10T00:00:00Z,1687,37.790000,37.830000,38.100000,37.700000,36853
2019-07-11T00:00:00Z,1688,38.010000,37.690000,38.010000,37.600000,27107
2019-07-12T00:00:00Z,1689,37.690000,37.310000,37.690000,37.260000,53824
2019-07-15T00:00:00Z,1692,37.120000,37.750000,37.860000,37.050000,105180
2019-07-16T00:00:00Z,1693,37.520000,37.000000,37.663600,37.000000,41951
2019-07-17T00:00:00Z,1694,37.070000,36.630000,37.070000,36.450000,40839
2019-07-18T00:00:00Z,1695,36.700000,36.830000,36.960000,36.700000,27241
2019-07-19T00:00:00Z,1696,36.690000,36.510000,37.000000,36.480000,41039
2019-07-22T00:00:00Z,1699,36.640000,36.420000,36.755000,36.200000,47170
2019-07-23T00:00:00Z,1700,36.080000,36.020000,36.300000,35.950000,48757
2019-07-24T00:00:00Z,1701,35.960000,36.230000,36.260000,35.931400,27771
2019-07-25T00:00:00Z,1702,36.110000,35.930000,36.150000,35.600000,43815
2019-07-26T00:00:00Z,1703,35.730000,35.310000,36.130000,35.250000,66709
2019-07-29T00:00:00Z,1706,35.250000,35.600000,35.750000,35.250000,39136
2019-07-30T00:00:00Z,1707,35.340000,35.400000,35.670000,35.186300,58347
2019-07-31T00:00:00Z,1708,35.250000,35.000000,35.480000,35.000000,40738
2019-08-01T00:00:00Z,1709,34.930000,33.640000,35.030000,33.640000,48757
2019-08-02T00:00:00Z,1710,33.830000,33.820000,34.001900,33.540000,34197
2019-08-05T00:00:00Z,1713,33.310000,32.680000,33.310000,32.510000,44732
2019-08-06T00:00:00Z,1714,32.760000,32.690000,32.870000,32.510000,49396
2019-08-07T00:00:00Z,1715,32.790000,33.040000,33.170000,32.750000,35397
2019-08-08T00:00:00Z,1716,32.610000,32.980000,32.980000,32.591800,47211
2019-08-09T00:00:00Z,1717,32.580000,32.360000,32.640000,32.130000,81542
2019-08-12T00:00:00Z,1720,32.000000,31.810000,32.000000,31.490000,41532
2019-08-13T00:00:00Z,1721,31.390000,31.630000,32.020000,31.110000,49142
2019-08-14T00:00:00Z,1722,30.910000,30.960000,31.140000,30.690000,46817
2019-08-15T00:00:00Z,1723,30.660000,30.660000,30.730000,30.260000,67078
2019-08-16T00:00:00Z,1724,30.150000,30.040000,30.300000,29.890000,75538
2019-08-19T00:00:00Z,1727,30.680000,31.030000,31.300000,30.680000,74716
2019-08-20T00:00:00Z,1728,32.030000,31.560000,32.160000,31.560000,75962
2019-08-21T00:00:00Z,1729,31.130000,31.370000,31.480000,31.000000,44095
2019-08-22T00:00:00Z,1730,30.620000,30.630000,30.920000,30.540000,42313
2019-08-23T00:00:00Z,1731,29.630000,29.510000,30.090000,29.370000,72356
2019-08-26T00:00:00Z,1734,29.270000,28.820000,29.270000,28.750000,53326
2019-08-27T00:00:00Z,1735,29.080000,28.950000,29.300000,28.950000,80033
2019-08-28T00:00:00Z,1736,28.450000,28.160000,28.450000,28.100000,223815
2019-08-29T00:00:00Z,1737,28.430000,28.210000,28.430000,28.030000,81058
2019-08-30T00:00:00Z,1738,28.540000,28.850000,28.970000,28.540000,191015
2019-09-03T00:00:00Z,1742,28.530000,28.860000,28.910000,28.530000,57330
2019-09-04T00:00:00Z,1743,29.170000,29.100000,29.330000,28.880000,339685
2019-09-05T00:00:00Z,1744,29.990000,30.270000,30.390000,29.940000,50000
2019-09-06T00:00:00Z,1745,30.100000,29.950000,30.340000,29.940000,42811
2019-09-09T00:00:00Z,1748,30.030000,30.400000,30.410000,30.030000,40915
2019-09-10T00:00:00Z,1749,30.100000,29.900000,30.100000,29.765000,58641
2019-09-11T00:00:00Z,1750,30.590000,30.670000,30.750000,30.430000,69861
2019-09-12T00:00:00Z,1751,30.990000,31.200000,31.290000,30.770000,53354
2019-09-13T00:00:00Z,1752,30.970000,31.400000,31.620000,30.970000,41849
2019-09-16T00:00:00Z,1755,32.000000,31.710000,32.020000,31.600000,44662
2019-09-17T00:00:00Z,1756,30.990000,30.920000,31.030000,30.290000,76220
2019-09-18T00:00:00Z,1757,30.610000,30.570000,30.728900,30.320000,33859
2019-09-19T00:00:00Z,1758,30.200000,29.950000,30.350000,29.880000,38024
2019-09-20T00:00:00Z,1759,30.270000,30.030000,30.340000,29.891000,22022
2019-09-23T00:00:00Z,1762,29.810000,29.720000,29.810000,29.360000,57936
2019-09-24T00:00:00Z,1763,29.600000,29.350000,29.790000,29.020000,56194
2019-09-25T00:00:00Z,1764,29.000000,29.190000,29.390000,28.857600,64621
2019-09-26T00:00:00Z,1765,29.130000,29.200000,29.210000,28.988000,23173
2019-09-27T00:00:00Z,1766,28.800000,28.310000,28.800000,28.230000,54399
2019-09-30T00:00:00Z,1769,28.930000,29.220000,29.220000,28.775000,33663
2019-10-01T00:00:00Z,1771,28.990000,28.740000,29.130000,28.570000,49331
2019-10-02T00:00:00Z,1772,29.100000,29.150000,29.360000,28.910000,169304
2019-10-03T00:00:00Z,1773,29.180000,29.200000,29.330000,29.070000,47691
2019-10-04T00:00:00Z,1774,28.560000,28.670000,28.790000,28.460000,50104
2019-10-07T00:00:00Z,1777,28.350000,28.340000,28.560000,28.080000,79128
2019-10-08T00:00:00Z,1778,28.280000,28.130000,28.280000,28.020000,56997
2019-10-09T00:00:00Z,1779,28.170000,28.190000,28.340000,28.030000,84777
2019-10-10T00:00:00Z,1780,28.250000,28.780000,28.810000,28.250000,45726
2019-10-11T00:00:00Z,1781,29.140000,29.460000,29.590000,29.140000,43997
2019-10-14T00:00:00Z,1784,28.960000,28.840000,29.030000,28.730000,47188
2019-10-15T00:00:00Z,1785,28.490000,28.800000,28.800000,28.420000,58985
2019-10-16T00:00:00Z,1786,28.470000,28.400000,28.520000,28.290100,33516
2019-10-17T00:00:00Z,1787,28.370000,28.800000,28.900000,28.340000,42337
2019-10-18T00:00:00Z,1788,28.800000,28.370000,28.800000,28.270000,47719
2019-10-21T00:00:00Z,1791,28.500000,28.670000,28.750000,28.442600,32073
2019-10-22T00:00:00Z,1792,28.550000,28.610000,28.730000,28.390000,43338
2019-10-23T00:00:00Z,1793,28.490000,28.610000,28.610000,28.100000,99589
2019-10-24T00:00:00Z,1794,28.880000,28.430000,28.880000,28.287300,46837
2019-10-25T00:00:00Z,1795,28.790000,29.080000,29.220000,28.790000,41318
2019-10-28T00:00:00Z,1798,28.780000,28.480000,28.820000,28.320000,39422
2019-10-29T00:00:00Z,1799,28.280000,28.320000,28.420000,28.160000,32479
2019-10-30T00:00:00Z,1800,28.090000,28.140000,28.300000,27.920000,46326
2019-10-31T00:00:00Z,1801,27.900000,27.330000,27.900000,27.330000,59676
2019-11-01T00:00:00Z,1802,27.750000,28.120000,28.270000,27.750000,68443
2019-11-04T00:00:00Z,1805,28.800000,28.600000,28.940000,28.550000,60382
2019-11-05T00:00:00Z,1806,29.000000,29.050000,29.150000,28.920000,64954
2019-11-06T00:00:00Z,1807,28.980000,28.780000,28.980000,28.725900,47573
2019-11-07T00:00:00Z,1808,29.090000,29.120000,29.270000,29.050000,29148
2019-11-08T00:00:00Z,1809,29.260000,29.320000,29.380000,29.190000,39812
2019-11-11T00:00:00Z,1812,28.500000,28.450000,28.540000,28.366400,33324
2019-11-12T00:00:00Z,1813,28.230000,28.040000,28.350000,28.034400,43076
2019-11-13T00:00:00Z,1814,27.760000,27.470000,27.760000,27.350000,41170
2019-11-14T00:00:00Z,1815,26.980000,26.640000,26.980000,26.630000,68890
2019-11-15T00:00:00Z,1816,26.760000,26.940000,27.025000,26.700000,55249
2019-11-18T00:00:00Z,1819,26.660000,26.890000,27.000000,26.660000,37474
2019-11-19T00:00:00Z,1820,27.460000,27.530000,27.630000,27.320000,40150
2019-11-20T00:00:00Z,1821,27.350000,27.110000,27.350000,27.010000,28365
2019-11-21T00:00:00Z,1822,27.050000,27.140000,27.250000,27.000000,19397
2019-11-22T00:00:00Z,1823,27.250000,27.150000,27.390000,27.100000,20476
2019-11-25T00:00:00Z,1826,27.630000,27.690000,27.820000,27.560000,32441
2019-11-26T00:00:00Z,1827,27.660000,27.550000,27.660000,27.300000,44964
2019-11-27T00:00:00Z,1828,28.210000,27.890000,28.210000,27.770000,43073
2019-11-29T00:00:00Z,1830,27.580000,27.290000,27.680000,27.150000,22286
2019-12-02T00:00:00Z,1834,27.190000,27.270000,27.330000,27.050000,34544
2019-12-03T00:00:00Z,1835,27.280000,27.560000,27.710000,27.250000,43166
2019-12-04T00:00:00Z,1836,27.600000,27.870000,27.950000,27.560000,41768
2019-12-05T00:00:00Z,1837,27.900000,27.910000,28.082900,27.810000,33402
2019-12-06T00:00:00Z,1838,27.960000,28.260000,28.490000,27.960000,25057
2019-12-09T00:00:00Z,1841,28.160000,28.400000,28.550000,28.160000,23589
2019-12-10T00:00:00Z,1842,28.050000,28.010000,28.080000,27.850000,38097
2019-12-11T00:00:00Z,1843,27.860000,28.360000,28.440000,27.860000,28772
2019-12-12T00:00:00Z,1844,28.250000,28.870000,29.119400,28.250000,56499
2019-12-13T00:00:00Z,1845,28.880000,28.920000,29.110000,28.750000,23594
2019-12-16T00:00:00Z,1848,29.120000,29.080000,29.230000,28.950000,34631
2019-12-17T00:00:00Z,1849,29.000000,29.060000,29.300000,29.000000,45302
2019-12-18T00:00:00Z,1850,29.190000,29.240000,29.330000,29.120000,37547
2019-12-19T00:00:00Z,1851,29.300000,29.060000,29.300000,28.960000,33132
2019-12-20T00:00:00Z,1852,28.950000,28.910000,29.130000,28.800000,41952
2019-12-23T00:00:00Z,1855,28.930000,29.300000,29.350000,28.882300,54145
2019-12-24T00:00:00Z,1856,29.250000,29.470000,29.500000,29.210000,50590
2019-12-26T00:00:00Z,1858,29.600000,29.830000,29.860000,29.540000,64670
2019-12-27T00:00:00Z,1859,29.580000,29.460000,29.830000,29.340000,70226
2019-12-30T00:00:00Z,1862,29.650000,29.180000,29.650000,29.150000,57958
2019-12-31T00:00:00Z,1863,29.560000,30.550000,30.550000,29.560000,249155
2020-01-02T00:00:00Z,1858,30.760000,31.450000,31.490000,30.760000,70632
2020-01-03T00:00:00Z,1859,31.470000,31.220000,31.610000,31.140000,53438
2020-01-06T00:00:00Z,1862,31.120000,31.460000,31.510000,31.120000,44644
2020-01-07T00:00:00Z,1863,30.460000,30.200000,30.710000,30.170000,65547
2020-01-08T00:00:00Z,1864,30.010000,30.000000,30.180000,29.740000,53501
2020-01-09T00:00:00Z,1865,29.970000,30.060000,30.060000,29.640000,60886
2020-01-10T00:00:00Z,1866,30.130000,29.870000,30.140000,29.860000,32059
2020-01-13T00:00:00Z,1869,29.870000,30.320000,30.320000,29.700000,51153
2020-01-14T00:00:00Z,1870,30.230000,29.700000,30.230000,29.670000,54828
2020-01-15T00:00:00Z,1871,29.660000,29.740000,29.740000,29.550000,26575
2020-01-16T00:00:00Z,1872,29.700000,29.600000,29.710000,29.460000,38059
2020-01-17T00:00:00Z,1873,29.940000,30.000000,30.030000,29.740000,35261
2020-01-21T00:00:00Z,1877,29.040000,28.520000,29.040000,28.510000,73220
2020-01-22T00:00:00Z,1878,28.550000,28.330000,28.580000,28.190000,42555
2020-01-23T00:00:00Z,1879,27.810000,27.630000,27.810000,27.315000,47673
2020-01-24T00:00:00Z,1880,27.870000,27.730000,27.940000,27.655000,27826
2020-01-27T00:00:00Z,1883,26.980000,26.740000,27.200000,26.670000,54059
2020-01-28T00:00:00Z,1884,26.790000,26.790000,27.000000,26.680000,43114
2020-01-29T00:00:00Z,1885,26.700000,26.450000,26.770000,26.390000,44452
2020-01-30T00:00:00Z,1886,25.910000,26.020000,26.060000,25.660000,58087
2020-01-31T00:00:00Z,1887,25.620000,25.480000,25.620000,25.250000,55589
2020-02-03T00:00:00Z,1890,25.540000,25.630000,25.750000,25.340000,95990
2020-02-04T00:00:00Z,1891,26.270000,26.300000,26.551100,26.230000,52371
2020-02-05T00:00:00Z,1892,26.320000,26.450000,26.463400,26.130000,62257
2020-02-06T00:00:00Z,1893,26.650000,26.630000,26.800000,26.450000,54861
2020-02-07T00:00:00Z,1894,26.340000,26.270000,26.390000,26.152600,31545
2020-02-10T00:00:00Z,1897,26.250000,26.230000,26.360000,26.180000,30002
2020-02-11T00:00:00Z,1898,26.540000,26.600000,26.720000,26.520000,26544
2020-02-12T00:00:00Z,1899,26.840000,27.220000,27.220000,26.840000,74129
2020-02-13T00:00:00Z,1900,27.010000,27.000000,27.055000,26.930000,28803
2020-02-14T00:00:00Z,1901,26.930000,26.750000,26.984000,26.660000,29172
2020-02-18T00:00:00Z,1905,26.750000,26.900000,26.940000,26.730000,38213
2020-02-19T00:00:00Z,1906,26.860000,26.730000,26.895000,26.550000,54589
2020-02-20T00:00:00Z,1907,26.790000,26.980000,27.030000,26.770000,38862
2020-02-21T00:00:00Z,1908,27.040000,27.020000,27.234300,26.840000,23437
2020-02-24T00:00:00Z,1911,26.020000,26.120000,26.390000,25.860000,56682
2020-02-25T00:00:00Z,1912,26.040000,25.350000,26.040000,25.350000,56370
2020-02-26T00:00:00Z,1913,25.810000,25.570000,25.950000,25.440000,60042
2020-02-27T00:00:00Z,1914,25.510000,25.520000,25.633700,25.330000,59520
2020-02-28T00:00:00Z,1915,25.300000,25.440000,25.440000,24.897800,77829
2020-03-02T00:00:00Z,1920,25.700000,26.360000,26.360000,25.700000,71183
2020-03-03T00:00:00Z,1921,26.230000,26.070000,26.430000,25.780000,72928
2020-03-04T00:00:00Z,1922,26.300000,26.330000,26.380000,26.218400,31090
2020-03-05T00:00:00Z,1923,26.000000,25.420000,26.000000,25.350000,57891
2020-03-06T00:00:00Z,1924,25.810000,25.350000,25.907400,25.280000,90201
2020-03-09T00:00:00Z,1927,25.290000,26.400000,26.500000,25.260000,155627
2020-03-10T00:00:00Z,1928,27.000000,27.990000,28.040000,26.770000,168125
2020-03-11T00:00:00Z,1929,27.100000,26.710000,27.100000,26.450000,94336
2020-03-12T00:00:00Z,1930,25.710000,25.550000,26.020000,25.060000,99998
2020-03-13T00:00:00Z,1931,26.250000,26.140000,26.277100,24.820000,79162
2020-03-16T00:00:00Z,1934,26.000000,24.000000,26.000000,24.000000,81622
2020-03-17T00:00:00Z,1935,23.820000,23.790000,24.170000,23.122600,94820
2020-03-18T00:00:00Z,1936,22.790000,22.480000,22.940000,21.830000,75378
2020-03-19T00:00:00Z,1937,22.100000,22.350000,22.780000,21.690000,67818
2020-03-20T00:00:00Z,1938,23.300000,22.620000,23.625000,22.620000,57414
2020-03-23T00:00:00Z,1941,21.970000,21.700000,21.970000,21.250000,65368
2020-03-24T00:00:00Z,1942,22.700000,23.190000,23.210000,22.590000,71957
2020-03-25T00:00:00Z,1943,23.480000,23.960000,24.400000,23.410000,56667
2020-03-26T00:00:00Z,1944,24.000000,24.020000,24.660000,23.740000,120263
2020-03-27T00:00:00Z,1945,23.340000,23.390000,23.720000,23.220000,32736
2020-03-30T00:00:00Z,1948,23.410000,23.660000,23.890000,23.135000,79088
2020-03-31T00:00:00Z,1949,24.220000,24.470000,25.150000,24.220000,81864
2020-04-01T00:00:00Z,1950,24.390000,24.240000,24.690000,24.180000,59664
2020-04-02T00:00:00Z,1951,24.860000,25.440000,25.849500,24.860000,84608
2020-04-03T00:00:00Z,1952,24.850000,24.250000,24.850000,24.045000,68522
2020-04-06T00:00:00Z,1955,24.550000,24.160000,24.660000,24.030000,107874
2020-04-07T00:00:00Z,1956,25.380000,24.590000,25.450000,24.450000,84147
2020-04-08T00:00:00Z,1957,24.460000,25.250000,25.250000,24.460000,150395
2020-04-09T00:00:00Z,1958,25.550000,25.130000,25.740000,25.130000,42584
2020-04-13T00:00:00Z,1962,25.170000,25.310000,25.320000,24.770000,55289
2020-04-14T00:00:00Z,1963,26.000000,26.170000,26.260000,25.880000,50511
2020-04-15T00:00:00Z,1964,26.050000,25.690000,26.050000,25.520000,51120
2020-04-16T00:00:00Z,1965,25.520000,25.450000,25.610000,25.200000,49556
2020-04-17T00:00:00Z,1966,26.450000,26.550000,26.600000,26.320000,28859
2020-04-20T00:00:00Z,1969,26.180000,26.580000,27.060000,26.180000,60835
2020-04-21T00:00:00Z,1970,26.680000,26.630000,27.120000,26.630000,89662
2020-04-22T00:00:00Z,1971,27.680000,27.980000,28.170000,27.600000,78337
2020-04-23T00:00:00Z,1972,28.480000,28.620000,28.930000,28.462200,50843
2020-04-24T00:00:00Z,1973,28.300000,28.060000,28.300000,27.790000,59394
2020-04-27T00:00:00Z,1976,27.950000,28.440000,28.530000,27.900000,48615
2020-04-28T00:00:00Z,1977,28.500000,28.460000,28.960000,28.460000,52559
2020-04-29T00:00:00Z,1978,27.280000,27.570000,27.890000,27.220000,41845
2020-04-30T00:00:00Z,1979,27.450000,26.590000,27.455600,26.590000,50950
2020-05-01T00:00:00Z,1981,26.140000,25.800000,26.510000,25.650000,70114
2020-05-04T00:00:00Z,1984,25.490000,25.330000,25.490000,24.970000,68068
2020-05-05T00:00:00Z,1985,25.150000,25.070000,25.430000,24.970000,65582
2020-05-06T00:00:00Z,1986,25.800000,25.650000,25.840000,25.550000,41550
2020-05-07T00:00:00Z,1987,25.730000,25.560000,25.980000,25.460000,39848
2020-05-08T00:00:00Z,1988,26.090000,26.420000,26.510000,26.090000,35479
2020-05-11T00:00:00Z,1991,26.420000,26.520000,26.620000,26.330000,39683
2020-05-12T00:00:00Z,1992,26.520000,26.200000,26.595500,26.150000,43126
2020-05-13T00:00:00Z,1993,26.420000,26.400000,26.700000,26.170000,38806
2020-05-14T00:00:00Z,1994,25.730000,26.050000,26.090000,25.470000,30598
2020-05-15T00:00:00Z,1995,25.500000,25.570000,25.990000,25.370000,35341
2020-05-18T00:00:00Z,1998,26.580000,26.720000,26.860000,26.540000,56637
2020-05-19T00:00:00Z,1999,26.490000,26.350000,26.630000,26.350000,33513
2020-05-20T00:00:00Z,2000,26.740000,27.000000,27.000000,26.620000,38299
2020-05-21T00:00:00Z,2001,26.420000,25.840000,26.420000,25.650000,53804
2020-05-22T00:00:00Z,2002,25.000000,24.760000,25.000000,24.590000,65133
2020-05-26T00:00:00Z,2006,24.780000,24.870000,25.090000,24.760000,41655
2020-05-27T00:00:00Z,2007,25.130000,24.970000,25.180000,24.750000,52859
2020-05-28T00:00:00Z,2008,24.760000,24.640000,24.920000,24.426000,66325
2020-05-29T00:00:00Z,2009,24.760000,24.830000,24.920000,24.450000,42470
2020-06-01T00:00:00Z,2012,24.900000,25.220000,25.220000,24.750000,39561
2020-06-02T00:00:00Z,2013,25.070000,25.190000,25.290000,24.910000,51384
2020-06-03T00:00:00Z,2014,25.320000,25.760000,25.900000,25.320000,49933
2020-06-04T00:00:00Z,2015,25.620000,25.690000,25.810000,25.620000,31743
2020-06-05T00:00:00Z,2016,26.000000,26.570000,26.750000,26.000000,56523
2020-06-08T00:00:00Z,2019,26.760000,27.000000,27.100000,26.700000,56936
2020-06-09T00:00:00Z,2020,27.020000,27.410000,27.430000,27.020000,47225
2020-06-10T00:00:00Z,2021,27.150000,26.880000,27.459300,26.731000,58315
2020-06-11T00:00:00Z,2022,26.110000,25.640000,26.390000,25.640000,56805
2020-06-12T00:00:00Z,2023,26.300000,26.200000,26.300000,25.860000,27824
2020-06-15T00:00:00Z,2026,25.720000,26.160000,26.390000,25.640000,54341
2020-06-16T00:00:00Z,2027,26.320000,26.470000,26.840000,26.297500,73321
2020-06-17T00:00:00Z,2028,26.500000,26.340000,26.580000,26.300000,50536
2020-06-18T00:00:00Z,2029,26.620000,26.960000,27.100000,26.620000,117281
2020-06-19T00:00:00Z,2030,25.640000,24.800000,25.880000,24.730000,111477
2020-06-22T00:00:00Z,2033,25.270000,25.570000,25.580000,25.180000,45191
2020-06-23T00:00:00Z,2034,25.250000,24.400000,25.250000,24.400000,51894
2020-06-24T00:00:00Z,2035,24.350000,23.750000,24.480000,23.750000,66132
2020-06-25T00:00:00Z,2036,23.610000,23.990000,24.060000,23.610000,39758
2020-06-26T00:00:00Z,2037,24.030000,23.910000,24.190000,23.880000,35690
2020-06-29T00:00:00Z,2040,23.950000,23.980000,24.140000,23.820000,23578
2020-06-30T00:00:00Z,2041,23.890000,23.880000,24.040000,23.680000,59569
2020-07-01T00:00:00Z,2043,24.000000,23.900000,24.140000,23.890000,53321
2020-07-02T00:00:00Z,2044,25.000000,25.070000,25.350000,24.940000,74588
2020-07-06T00:00:00Z,2048,26.440000,27.270000,27.280000,26.440000,133799
2020-07-07T00:00:00Z,2049,25.220000,25.620000,25.900000,25.220000,76886
2020-07-08T00:00:00Z,2050,26.360000,26.780000,26.800000,26.360000,78398
2020-07-09T00:00:00Z,2051,26.520000,26.090000,26.520000,25.830000,71031
2020-07-10T00:00:00Z,2052,25.790000,25.800000,25.880000,25.660000,18422
2020-07-13T00:00:00Z,2055,25.770000,25.450000,26.040000,25.450000,22463
2020-07-14T00:00:00Z,2056,24.980000,25.230000,25.280000,24.880000,22409
2020-07-15T00:00:00Z,2057,24.920000,24.850000,25.120000,24.750000,25100
2020-07-16T00:00:00Z,2058,24.490000,24.440000,24.590000,24.320000,25957
2020-07-17T00:00:00Z,2059,24.600000,24.350000,24.600000,24.350000,24511
2020-07-20T00:00:00Z,2062,24.630000,24.520000,24.710000,24.400000,53340
2020-07-21T00:00:00Z,2063,24.350000,24.070000,24.410000,24.020000,50037
2020-07-22T00:00:00Z,2064,23.980000,23.870000,24.100000,23.670000,32112
2020-07-23T00:00:00Z,2065,23.740000,23.540000,23.780000,23.360000,66496
2020-07-24T00:00:00Z,2066,22.990000,22.990000,23.000000,22.830000,37480
2020-07-27T00:00:00Z,2069,22.520000,22.370000,22.540000,22.090000,47860
2020-07-28T00:00:00Z,2070,22.150000,21.750000,22.150000,21.700000,59708
2020-07-29T00:00:00Z,2071,22.250000,22.310000,22.310000,22.030000,28748
2020-07-30T00:00:00Z,2072,22.000000,21.920000,22.040000,21.800200,32995
2020-07-31T00:00:00Z,2073,22.080000,22.080000,22.315000,21.870000,34453
2020-08-03T00:00:00Z,2076,22.330000,22.200000,22.380000,22.190000,43892
2020-08-04T00:00:00Z,2077,22.230000,22.340000,22.369900,22.210000,41956
2020-08-05T00:00:00Z,2078,22.550000,22.640000,22.875700,22.550000,57484
2020-08-06T00:00:00Z,2079,22.760000,22.490000,22.760000,22.350000,37332
2020-08-07T00:00:00Z,2080,22.250000,22.200000,22.280000,22.080000,32076
2020-08-10T00:00:00Z,2083,22.110000,22.180000,22.180000,21.974000,32381
2020-08-11T00:00:00Z,2084,22.310000,22.100000,22.380000,22.040000,35004
2020-08-12T00:00:00Z,2085,22.380000,22.440000,22.540000,22.337700,30067
2020-08-13T00:00:00Z,2086,22.400000,22.310000,22.400000,22.260000,38005
2020-08-14T00:00:00Z,2087,22.090000,22.240000,22.290000,22.090000,26030
2020-08-17T00:00:00Z,2090,22.950000,23.150000,23.280000,22.950000,53723
2020-08-18T00:00:00Z,2091,22.940000,22.650000,22.940000,22.620000,21590
2020-08-19T00:00:00Z,2092,22.620000,22.530000,22.740000,22.530000,25118
2020-08-20T00:00:00Z,2093,22.430000,22.320000,22.520000,22.310000,45704
2020-08-21T00:00:00Z,2094,22.380000,22.410000,22.470000,22.260000,22852
2020-08-24T00:00:00Z,2097,22.630000,22.580000,22.630000,22.480000,28098
2020-08-25T00:00:00Z,2098,22.550000,22.600000,22.680000,22.450000,25608
2020-08-26T00:00:00Z,2099,22.530000,22.230000,22.530000,22.140000,33190
2020-08-27T00:00:00Z,2100,21.690000,21.360000,21.690000,21.130000,49248
2020-08-28T00:00:00Z,2101,21.350000,21.300000,21.350000,21.110000,30931
2020-08-31T00:00:00Z,2104,20.950000,20.540000,20.950000,20.500000,54810
2020-09-01T00:00:00Z,2105,20.450000,20.590000,20.590000,20.300000,57925
2020-09-02T00:00:00Z,2106,20.700000,20.530000,20.700000,20.510000,24412
2020-09-03T00:00:00Z,2107,20.400000,20.070000,20.400000,19.880000,68894
2020-09-04T00:00:00Z,2108,20.200000,20.030000,20.200000,19.770000,34282
2020-09-08T00:00:00Z,2112,20.000000,20.260000,20.260000,19.940000,54378
2020-09-09T00:00:00Z,2113,20.280000,20.200000,20.360000,20.200000,16344
2020-09-10T00:00:00Z,2114,20.100000,19.850000,20.180000,19.810000,40279
2020-09-11T00:00:00Z,2115,19.810000,19.810000,19.870000,19.710000,33271
2020-09-14T00:00:00Z,2118,19.700000,19.480000,19.700000,19.430000,31312
2020-09-15T00:00:00Z,2119,19.010000,18.760000,19.050000,18.610000,109209
2020-09-16T00:00:00Z,2120,18.640000,18.590000,18.679200,18.470000,65398
2020-09-17T00:00:00Z,2121,18.750000,18.920000,19.050000,18.730000,85368
2020-09-18T00:00:00Z,2122,19.030000,18.980000,19.280000,18.870000,34308
2020-09-21T00:00:00Z,2125,18.870000,18.840000,18.880000,18.642900,23164
2020-09-22T00:00:00Z,2126,18.730000,18.330000,18.730000,18.260000,56152
2020-09-23T00:00:00Z,2127,18.140000,17.980000,18.160000,17.880000,53788
2020-09-24T00:00:00Z,2128,17.590000,17.330000,17.590000,17.270000,92737
2020-09-25T00:00:00Z,2129,17.070000,17.270000,17.270000,17.030000,33435
2020-09-28T00:00:00Z,2132,17.620000,17.770000,17.900000,17.620000,47945
2020-09-29T00:00:00Z,2133,17.890000,18.010000,18.090000,17.858300,45758
2020-09-30T00:00:00Z,2134,18.180000,18.360000,18.419600,18.180000,62334
2020-10-01T00:00:00Z,2136,18.440000,18.530000,18.530000,18.290000,36461
2020-10-02T00:00:00Z,2137,18.320000,18.310000,18.540000,18.310000,29223
2020-10-05T00:00:00Z,2140,18.360000,18.370000,18.420000,18.310000,29207
2020-10-06T00:00:00Z,2141,18.500000,18.770000,18.970000,18.500000,70544
2020-10-07T00:00:00Z,2142,18.880000,18.900000,18.900000,18.650000,32094
2020-10-08T00:00:00Z,2143,18.980000,18.990000,18.990000,18.710000,33118
2020-10-09T00:00:00Z,2144,19.010000,19.110000,19.170000,18.770000,35561
2020-10-12T00:00:00Z,2147,19.820000,20.000000,20.000000,19.620000,24112
2020-10-13T00:00:00Z,2148,19.890000,19.990000,19.990000,19.720000,28303
2020-10-14T00:00:00Z,2149,19.670000,19.330000,19.670000,19.300000,17814
2020-10-15T00:00:00Z,2150,19.100000,19.480000,19.480000,18.980000,18246
2020-10-16T00:00:00Z,2151,19.330000,19.290000,19.330000,19.040000,19726
2020-10-19T00:00:00Z,2154,19.100000,19.080000,19.140000,18.860000,25841
2020-10-20T00:00:00Z,2155,18.940000,19.240000,19.240000,18.810100,29023
2020-10-21T00:00:00Z,2156,19.100000,19.170000,19.170000,18.930000,17944
2020-10-22T00:00:00Z,2157,19.170000,19.530000,19.750000,19.050000,34027
2020-10-23T00:00:00Z,2158,19.670000,19.770000,19.770000,19.640000,14894
2020-10-26T00:00:00Z,2161,19.580000,19.710000,19.710000,19.430000,25456
2020-10-27T00:00:00Z,2162,19.260000,19.190000,19.260000,19.040000,19980
2020-10-28T00:00:00Z,2163,18.600000,18.800000,18.800000,18.390000,32169
2020-10-29T00:00:00Z,2164,18.520000,19.330000,19.490000,18.520000,56640
2020-10-30T00:00:00Z,2165,18.760000,18.610000,18.840000,18.460000,33139
2020-11-02T00:00:00Z,2168,18.960000,19.090000,19.200000,18.880000,13762
2020-11-03T00:00:00Z,2169,19.330000,19.500000,19.500000,19.302000,19878
2020-11-04T00:00:00Z,2170,19.570000,19.940000,20.070000,19.570000,47063
2020-11-05T00:00:00Z,2171,19.740000,19.820000,19.820000,19.570000,38951
2020-11-06T00:00:00Z,2172,19.780000,19.940000,19.963700,19.740000,17882
2020-11-09T00:00:00Z,2175,20.570000,20.240000,20.570000,20.000000,76887
2020-11-10T00:00:00Z,2176,20.620000,20.950000,20.970000,20.620000,61301
2020-11-11T00:00:00Z,2177,21.300000,21.640000,21.640000,21.300000,39167
2020-11-12T00:00:00Z,2178,20.920000,20.810000,20.990000,20.570000,32342
2020-11-13T00:00:00Z,2179,20.730000,20.700000,20.730000,20.346700,26778
2020-11-16T00:00:00Z,2182,20.770000,20.920000,20.920000,20.500000,50247
2020-11-17T00:00:00Z,2183,20.600000,20.820000,20.820000,20.540000,27692
2020-11-18T00:00:00Z,2184,20.580000,20.710000,20.710000,20.460000,47394
2020-11-19T00:00:00Z,2185,20.690000,20.800000,20.970000,20.610000,35385
2020-11-20T00:00:00Z,2186,20.650000,20.610000,20.760000,20.560000,29962
2020-11-23T00:00:00Z,2189,21.900000,22.000000,22.130000,21.880000,84849
2020-11-24T00:00:00Z,2190,21.610000,21.960000,21.960000,21.501300,49541
2020-11-25T00:00:00Z,2191,21.850000,21.710000,21.919800,21.540000,60827
2020-11-27T00:00:00Z,2193,21.500000,21.450000,21.540000,21.310000,48922
2020-11-30T00:00:00Z,2196,21.820000,21.900000,22.190000,21.780000,74501
2020-12-01T00:00:00Z,2198,22.590000,22.850000,23.000000,22.590000,76657
2020-12-02T00:00:00Z,2199,22.300000,22.410000,22.440000,22.187100,76726
2020-12-03T00:00:00Z,2200,22.410000,22.290000,22.440000,22.250000,24868
2020-12-04T00:00:00Z,2201,22.140000,21.980000,22.240000,21.890000,55502
2020-12-07T00:00:00Z,2204,21.940000,21.820000,21.940000,21.760000,17311
2020-12-08T00:00:00Z,2205,21.250000,20.950000,21.250000,20.940000,41455
2020-12-09T00:00:00Z,2206,20.700000,20.490000,20.700000,20.330000,49005
2020-12-10T00:00:00Z,2207,20.450000,20.670000,20.750000,20.410000,24525
2020-12-11T00:00:00Z,2208,20.740000,20.760000,20.800000,20.700000,26268
2020-12-14T00:00:00Z,2211,20.800000,20.740000,20.990000,20.710000,23989
2020-12-15T00:00:00Z,2212,20.490000,20.600000,20.600000,20.480000,21873
2020-12-16T00:00:00Z,2213,20.680000,20.500000,20.800000,20.500000,39921
2020-12-17T00:00:00Z,2214,20.680000,20.740000,20.740000,20.620000,19469
2020-12-18T00:00:00Z,2215,21.500000,21.530000,21.780000,21.500000,42776
2020-12-21T00:00:00Z,2218,21.310000,21.040000,21.310000,21.030000,19529
2020-12-22T00:00:00Z,2219,20.980000,20.710000,20.980000,20.610000,35713
2020-12-23T00:00:00Z,2220,20.680000,20.750000,20.777400,20.660000,27616
2020-12-24T00:00:00Z,2221,20.750000,20.360000,20.750000,20.280000,52112
2020-12-28T00:00:00Z,2225,20.630000,20.810000,20.850000,20.500000,65086
2020-12-29T00:00:00Z,2226,20.760000,20.620000,20.880000,20.620000,30291
2020-12-30T00:00:00Z,2227,20.580000,20.800000,20.890000,20.580000,56004
2020-12-31T00:00:00Z,2228,21.010000,20.580000,21.070000,20.580000,193818
2021-01-04T00:00:00Z,2225,21.230000,21.310000,21.580000,21.230000,57743
2021-01-05T00:00:00Z,2226,22.190000,22.500000,22.500000,22.190000,42474
2021-01-06T00:00:00Z,2227,22.740000,22.690000,23.000000,22.690000,37046
